name,city,birth_date,wiki_link
Aczél Zoltán,Budapest,1967.03.13,http://hu.wikipedia.org/wiki/Acz%C3%A9l_Zolt%C3%A1n
Ádám Martin,Szeged,1994.11.06,https://hu.wikipedia.org/wiki/Ádám_Martin
Ádám Sándor,?,1918.02.10,http://hu.wikipedia.org/wiki/%C3%81d%C3%A1m_S%C3%A1ndor_(labdar%C3%BAg%C3%B3)
Aknai Jenő,Budapest,1908.04.19,http://hu.wikipedia.org/wiki/Aknai_J%C3%A1nos
Albert Flórián,Hercegszántó,1941.09.15,"https://hu.wikipedia.org/wiki/Albert_Flórián_(labdarúgó,_1941)"
Albert Flórián ifj.,Budapest,1967.12.12,"http://hu.wikipedia.org/wiki/Albert_Fl%C3%B3ri%C3%A1n_(labdar%C3%BAg%C3%B3,_1967)"
Amsel Ignác,Kispest,1899.01.17,http://hu.wikipedia.org/wiki/Amsel_Ign%C3%A1c
Andrusch József,Budapest,1956.03.31,http://hu.wikipedia.org/wiki/Andrusch_J%C3%B3zsef
Arany László,Tatabánya,1971.03.09,http://hu.wikipedia.org/wiki/Arany_L%C3%A1szl%C3%B3_(labdar%C3%BAg%C3%B3)
Aranyos Imre,Kisvárda,1966.06.13,http://hu.wikipedia.org/wiki/Aranyos_Imre
Aspirány Gusztáv,Budapest,1925.09.17,http://hu.wikipedia.org/wiki/Aspir%C3%A1ny_Guszt%C3%A1v
Avar István,Arad,1905.05.30,http://hu.wikipedia.org/wiki/Avar_Istv%C3%A1n_(labdar%C3%BAg%C3%B3)
Babolcsay György,Sashalom,1921.12.26,http://hu.wikipedia.org/wiki/Babolcsay_Gy%C3%B6rgy
Babos Gábor,Sopron,1974.10.24,http://hu.wikipedia.org/wiki/Babos_G%C3%A1bor
Bácsi Sándor,Budapest,1969.11.26,http://hu.wikipedia.org/wiki/B%C3%A1csi_S%C3%A1ndor
Bádonyi Gyula,Szerencs,1882.09.17,http://hu.wikipedia.org/wiki/Bádonyi_Gyula
Bakó Béla,Szeged,1928.11.19,http://hu.wikipedia.org/wiki/Bak%C3%B3_B%C3%A9la_(labdar%C3%BAg%C3%B3)
Bakos Sándor,Budapest,1939.08.02,http://hu.wikipedia.org/wiki/Bakos_S%C3%A1ndor
Bálint László,Budapest,1948.02.01,"http://hu.wikipedia.org/wiki/B%C3%A1lint_L%C3%A1szl%C3%B3_(labdar%C3%BAg%C3%B3,_1948)"
Balog Tibor,Kakucs,1966.03.01,"http://hu.wikipedia.org/wiki/Balog_Tibor_(labdar%C3%BAg%C3%B3,_1966)"
Balog Tibor,Kiskunmajsa,1963.08.31,"http://hu.wikipedia.org/wiki/Balog_Tibor_(labdar%C3%BAg%C3%B3,_1963)"
Balog Zoltán,Budapest,1967.11.06,"http://hu.wikipedia.org/wiki/Balog_Zolt%C3%A1n_(labdar%C3%BAg%C3%B3,_1967)"
Balog Zoltán,Békés,1978.02.22,"http://hu.wikipedia.org/wiki/Balog_Zolt%C3%A1n_(labdar%C3%BAg%C3%B3,_1978)"
Balogh Balázs,Budapest,1990.06.11,"http://hu.wikipedia.org/wiki/Balogh_Bal%C3%A1zs_(labdar%C3%BAg%C3%B3,_1990)"
Balogh Béla,Budapest,1984.12.30,http://hu.wikipedia.org/wiki/Balogh_B%C3%A9la_(labdar%C3%BAg%C3%B3)
Balogh Botond,Sopron,2002.06.06,https://hu.wikipedia.org/wiki/Balogh_Botond
Balogh István,Budapest,1912.09.21,http://hu.wikipedia.org/wiki/Balogh_Istv%C3%A1n_(labdar%C3%BAg%C3%B3)
Balogh János,Debrecen,1982.11.29,http://hu.wikipedia.org/wiki/Balogh_J%C3%A1nos_(labdar%C3%BAg%C3%B3)
Balogh Miklós,Porcsalma,1914.01.01,http://hu.wikipedia.org/wiki/Balogh_Mikl%C3%B3s_(labdar%C3%BAg%C3%B3)
Balogh Norbert,Hajdúböszörmény,1996.02.21,https://hu.wikipedia.org/wiki/Balogh_Norbert
Balogh Sándor,Gyón,1920.03.18,http://hu.wikipedia.org/wiki/Balogh_Sándor_(labdarúgó)
Balogh Tamás,Budapest,1967.09.06,"http://hu.wikipedia.org/wiki/Balogh_Tam%C3%A1s_(labdar%C3%BAg%C3%B3,_1967)"
Bánfi János,Újkígyós,1969.11.09,https://hu.wikipedia.org/wiki/Bánfi_János_(labdarúgó)
Bánkuti István,Budafok,1946.11.12,http://hu.wikipedia.org/wiki/B%C3%A1nkuti_Istv%C3%A1n_(labdar%C3%BAg%C3%B3)
Bányai Nándor,Budapest,1928.03.08,http://hu.wikipedia.org/wiki/B%C3%A1nyai_N%C3%A1ndor
Baranyi Miklós,Oroszlány,1969.09.06,http://hu.wikipedia.org/wiki/Baranyi_Mikl%C3%B3s
Baranyi Sándor,Győr,1953.08.14,http://hu.wikipedia.org/wiki/Baranyi_S%C3%A1ndor
Bárányos Zsolt,Budapest,1975.12.15,http://hu.wikipedia.org/wiki/B%C3%A1r%C3%A1nyos_Zsolt
Baráth Botond,Budapest,1992.04.21,https://hu.wikipedia.org/wiki/Baráth_Botond
Baráth Péter,Kisvárda,2002.02.21,
Barátky Gyula,Nagyvárad,1910.10.18,http://hu.wikipedia.org/wiki/Bar%C3%A1tky_Gyula
Bárd István,Fiume,1882.08.19,http://hu.wikipedia.org/wiki/Skrab%C3%A1k_Istv%C3%A1n
Baróti Lajos,Barót,1914.08.19,https://hu.wikipedia.org/wiki/Baróti_Lajos
Bartos Béla,Budapest,1902.04.04,http://hu.wikipedia.org/wiki/Bartos_B%C3%A9la
Baubach Béla,Újpest,1895.04.03,http://hu.wikipedia.org/wiki/Baubach_B%C3%A9la
Bayer Jenő,Budapest,1884.11.17,http://hu.wikipedia.org/wiki/Bayer_R%C3%B3bert
Becsei József,Budapest,1950.10.10,http://hu.wikipedia.org/wiki/Becsei_J%C3%B3zsef
Béky Bertalan,Budapest,1913.08.29,http://hu.wikipedia.org/wiki/B%C3%A9ky_Bertalan
Bencsics József,Szombathely,1933.07.19,http://hu.wikipedia.org/wiki/Bencsics_J%C3%B3zsef
Bene Ferenc,Balatonújlak,1944.12.17,http://hu.wikipedia.org/wiki/Bene_Ferenc_(labdar%C3%BAg%C3%B3)
Beneda István,Budapest,1904.02.04,http://hu.wikipedia.org/wiki/Beneda_Istv%C3%A1n
Berán József,Budapest,1883.11.05,http://hu.wikipedia.org/wiki/Ber%C3%A1n_J%C3%B3zsef
Bérczy Balázs,Pécs,1966.01.15,http://hu.wikipedia.org/wiki/B%C3%A9rczy_Bal%C3%A1zs
Berecz István,?,1913.12.10,http://hu.wikipedia.org/wiki/Berecz_Istv%C3%A1n_(labdar%C3%BAg%C3%B3)
Berecz Zsombor,Miskolc,1995.12.13,https://hu.wikipedia.org/wiki/Berecz_Zsombor_(labdarúgó)
Berendi Pál,Budapest,1932.11.30,http://hu.wikipedia.org/wiki/Berendy_P%C3%A1l
Berkessy Elemér,Nagyvárad,1905.06.20,http://hu.wikipedia.org/wiki/Berkessy_Elem%C3%A9r
Bese Barnabás,Budapest,1994.05.06,https://hu.wikipedia.org/wiki/Bese_Barnabás
Bicskei Bertalan,Budapest,1944.09.17,http://hu.wikipedia.org/wiki/Bicskei_Bertalan
Bienenstock Sándor,Budapest,1884.06.17,http://hu.wikipedia.org/wiki/Bienenstock_S%C3%A1ndor
Bihámi Béla,Budapest,1909.10.23,http://hu.wikipedia.org/wiki/Bih%C3%A1my_B%C3%A9la
Bihari Ferenc,Budapest,1889.11.30,http://hu.wikipedia.org/wiki/Bihari_Ferenc_(labdar%C3%BAg%C3%B3)
Biri János,Budapest,1901.07.21,http://hu.wikipedia.org/wiki/Biri_J%C3%A1nos_(labdar%C3%BAg%C3%B3)
Bíró Gyula,Budapest,1890.04.25,"http://hu.wikipedia.org/wiki/B%C3%ADr%C3%B3_Gyula_(labdar%C3%BAg%C3%B3,_1890)"
Bíró Sándor,Füzesabony,1911.08.19,http://hu.wikipedia.org/wiki/B%C3%ADr%C3%B3_S%C3%A1ndor_(labdar%C3%BAg%C3%B3)
Blazsek Ferenc,Budapest,1884.09.20,http://hu.wikipedia.org/wiki/Blazsek_Ferenc
Blum Zoltán,Pápa,1892.01.03,http://hu.wikipedia.org/wiki/Blum_Zolt%C3%A1n
Bobrik Károly,Budapest,1900.06.13,http://hu.wikipedia.org/wiki/Bobrik_K%C3%A1roly
Boda Imre,Szolnok,1961.10.10,http://hu.wikipedia.org/wiki/Boda_Imre
Böde Dániel,Szekszárd,1986.10.24,http://hu.wikipedia.org/wiki/B%C3%B6de_D%C3%A1niel
Bódi Ádám,Nyíregyháza,1990.10.18,https://hu.wikipedia.org/wiki/Bódi_Ádám
Bodnár László,Bánszállás,1959.03.05,"https://hu.wikipedia.org/wiki/Bodn%C3%A1r_L%C3%A1szl%C3%B3_(labdar%C3%BAg%C3%B3,_1959)"
Bodnár László,Mátészalka,1979.02.25,"http://hu.wikipedia.org/wiki/Bodn%C3%A1r_L%C3%A1szl%C3%B3_(labdar%C3%BAg%C3%B3,_1979)"
Bodnár Sándor,Budapest,1890.09.20,https://hu.wikipedia.org/wiki/Bodnár_Sándor_(labdarúgó)
Bódog Tamás,Dunaújváros,1970.09.27,http://hu.wikipedia.org/wiki/B%C3%B3dog_Tam%C3%A1s
Bodola Gyula,Brassó,1912.02.26,http://hu.wikipedia.org/wiki/Bodola_Gyula
Bodon Tibor,Salgótarján,1931.07.18,http://hu.wikipedia.org/wiki/Bodon_Tibor
Bodonyi Béla,Jászdózsa,1956.12.14,http://hu.wikipedia.org/wiki/Bodonyi_B%C3%A9la
Bodor Boldizsár,Pécs,1982.04.27,http://hu.wikipedia.org/wiki/Bodor_Boldizs%C3%A1r
Bödör László,Budapest,1933.08.17,http://hu.wikipedia.org/wiki/B%C3%B6d%C3%B6r_L%C3%A1szl%C3%B3
Bodor Ödön,Kapuvár,1882.10.24,http://hu.wikipedia.org/wiki/Bodor_Ödön
Bogdán Ádám,Budapest,1987.09.27,http://hu.wikipedia.org/wiki/Bogd%C3%A1n_%C3%81d%C3%A1m
Bognár György,Baja,1961.11.05,https://hu.wikipedia.org/wiki/Bogn%C3%A1r_Gy%C3%B6rgy_(labdar%C3%BAg%C3%B3)
Bognár Zoltán,Körmend,1965.06.25,http://hu.wikipedia.org/wiki/Bogn%C3%A1r_Zolt%C3%A1n
Böjte Attila,Győr,1976.09.02,http://hu.wikipedia.org/wiki/B%C3%B6jte_Attila
Böjti János,Keszthely,1891.05.01,http://hu.wikipedia.org/wiki/B%C5%91ti_J%C3%A1nos
Boldizsár Géza,Budafok,1919.06.01,http://hu.wikipedia.org/wiki/Boldizs%C3%A1r_G%C3%A9za
Bolla Bendegúz,Székesfehérvár,1999.11.22,https://hu.wikipedia.org/wiki/Bolla_Bendegúz
Böőr Zoltán,Debrecen,1978.08.14,http://hu.wikipedia.org/wiki/B%C3%B6%C5%91r_Zolt%C3%A1n
Borbás Gáspár dr.,Budapest,1884.07.26,http://hu.wikipedia.org/wiki/Borbás_Gáspár
Bordás Csaba,Sopron,1968.03.21,http://hu.wikipedia.org/wiki/Bord%C3%A1s_Csaba
Bori Gábor,Szombathely,1984.01.16,http://hu.wikipedia.org/wiki/Bori_G%C3%A1bor
Borisz Győző,Budapest,1895.12.14,http://hu.wikipedia.org/wiki/Borisz_Gy%C5%91z%C5%91
Borostyán Mihály,Sajószentpéter,1956.09.17,http://hu.wikipedia.org/wiki/Borosty%C3%A1n_Mih%C3%A1ly
Borsányi Ferenc,Budapest,1902.12.03,http://hu.wikipedia.org/wiki/Bors%C3%A1nyi_Ferenc
Borsányi György,Újpest,1933.02.04,http://hu.wikipedia.org/wiki/Borsányi_György_(labdarúgó)
Borsó János,Pécs,1953.04.18,http://hu.wikipedia.org/wiki/Bors%C3%B3_J%C3%A1nos
Börzsei János,Budapest,1921.10.09,http://hu.wikipedia.org/wiki/B%C3%B6rzsei_J%C3%A1nos
Bošnjak Predrag,Szabadka,1985.11.13,http://hu.wikipedia.org/wiki/Predrag_Bo%C5%A1njak
Bosnyákovits Károly,Budapest,1887.05.27,http://hu.wikipedia.org/wiki/Bosny%C3%A1kovits_K%C3%A1roly
Botka Endre,Budapest,1994.08.25,https://hu.wikipedia.org/wiki/Botka_Endre
Bozsik József,Kispest,1925.11.28,"https://hu.wikipedia.org/wiki/Bozsik_József_(labdarúgó,_1925)"
Branikovits László,Budapest,1949.12.18,http://hu.wikipedia.org/wiki/Branikovits_L%C3%A1szl%C3%B3
Braun Ferenc,Budapest,1885.01.02,http://hu.wikipedia.org/wiki/Braun_Ferenc
Braun József,Putnok,1901.02.26,http://hu.wikipedia.org/wiki/Braun_J%C3%B3zsef
Brockhauser István,Budapest,1964.05.03,http://hu.wikipedia.org/wiki/Brockhauser_Istv%C3%A1n
Bródy Sándor,Székelyfalva,1884.05.16,http://hu.wikipedia.org/wiki/Br%C3%B3dy_S%C3%A1ndor_(labdar%C3%BAg%C3%B3)
Bücs Zsolt,Mátészalka,1963.09.08,http://hu.wikipedia.org/wiki/B%C3%BCcs_Zsolt
Buda István,Budapest,1884.02.03,http://hu.wikipedia.org/wiki/Buda_Istv%C3%A1n_(labdar%C3%BAg%C3%B3)
Budai László,Budapest,1928.07.19,"http://hu.wikipedia.org/wiki/Budai_László_(labdarúgó,_1928)"
Budavári László,Budapest,1953.08.03,http://hu.wikipedia.org/wiki/Budav%C3%A1ri_L%C3%A1szl%C3%B3
Bukovi Márton,Budapest,1903.12.01,http://hu.wikipedia.org/wiki/Bukovi_M%C3%A1rton
Bukrán Gábor,Eger,1975.11.16,http://hu.wikipedia.org/wiki/Bukr%C3%A1n_G%C3%A1bor
Bükszegi Zoltán,Budapest,1975.12.16,http://hu.wikipedia.org/wiki/B%C3%BCkszegi_Zolt%C3%A1n
Bundzsák Dezső,Kiskunhalas,1928.05.03,http://hu.wikipedia.org/wiki/Bundzs%C3%A1k_Dezs%C5%91
Burcsa Győző,Kaposvár,1954.03.13,http://hu.wikipedia.org/wiki/Burcsa_Gy%C5%91z%C5%91
Buza Lajos,Újpest,1901.06.26,http://hu.wikipedia.org/wiki/Buza_Lajos
Buzánszky Jenő,Újdombóvár,1925.05.04,http://hu.wikipedia.org/wiki/Buz%C3%A1nszky_Jen%C5%91
Buzsáky Ákos,Budapest,1982.05.07,http://hu.wikipedia.org/wiki/Buzs%C3%A1ky_%C3%81kos
Csábi József,Szolnok,1967.02.14,http://hu.wikipedia.org/wiki/Cs%C3%A1bi_J%C3%B3zsef
Csapó Károly,Agyagosszergény,1952.02.23,"https://hu.wikipedia.org/wiki/Csapó_Károly_(labdarúgó,_1952)"
Cseh András,Nagyszénás,1964.01.15,http://hu.wikipedia.org/wiki/Cseh_Andr%C3%A1s_(labdar%C3%BAg%C3%B3)
Cseh László,Budapest,1910.04.04,http://hu.wikipedia.org/wiki/Cseh_L%C3%A1szl%C3%B3_(labdar%C3%BAg%C3%B3)
Csehi Tibor,Kalocsa,1963.03.27,http://hu.wikipedia.org/wiki/Csehi_Tibor
Cseri Tamás,Győr,1988.01.15,https://hu.wikipedia.org/wiki/Cseri_Tamás
Csernai Pál,Pilis,1932.10.21,http://hu.wikipedia.org/wiki/Csernai_P%C3%A1l
Csertői Aurél,Győr,1965.09.25,http://hu.wikipedia.org/wiki/Csert%C5%91i_Aur%C3%A9l
Csík Ferenc,Veszprém,1962.06.06,http://hu.wikipedia.org/wiki/Cs%C3%ADk_Ferenc_(labdar%C3%BAg%C3%B3)
Csikós Gyula,Budapest,1913.04.15,http://hu.wikipedia.org/wiki/Csik%C3%B3s_Gyula_(labdar%C3%BAg%C3%B3)
Csizmadia Csaba,Marosvásárhely,1985.05.30,http://hu.wikipedia.org/wiki/Csizmadia_Csaba
Csoboth Kevin,Pécs,2000.06.20,https://hu.wikipedia.org/wiki/Csoboth_Kevin
Csongrádi Ferenc,Apácatorna,1956.03.29,http://hu.wikipedia.org/wiki/Csongr%C3%A1di_Ferenc
Csonka Gyula,Győr,1958.05.12,http://hu.wikipedia.org/wiki/Csonka_Gyula
Csontos Kálmán,Récse,1899.02.24,http://hu.wikipedia.org/wiki/Csontos_K%C3%A1lm%C3%A1n
Csordás Lajos,Budafok,1932.10.26,http://hu.wikipedia.org/wiki/Csord%C3%A1s_Lajos
Csucsánszky Zoltán,Budapest,1965.10.17,http://hu.wikipedia.org/wiki/Csucs%C3%A1nszky_Zolt%C3%A1n
Csüdör Ferenc,Budapest,1887.02.10,http://hu.wikipedia.org/wiki/Cs%C3%BCd%C3%B6r_Ferenc
Csuhay József,Eger,1957.07.12,http://hu.wikipedia.org/wiki/Csuhay_J%C3%B3zsef
Czeczeli Károly,Barcs,1951.12.04,http://hu.wikipedia.org/wiki/Czeczeli_K%C3%A1roly
Czéh László,Kecskemét,1968.02.01,http://hu.wikipedia.org/wiki/Cz%C3%A9h_L%C3%A1szl%C3%B3_(labdar%C3%BAg%C3%B3)
Czibor Zoltán,Kaposvár,1929.08.23,http://hu.wikipedia.org/wiki/Czibor_Zolt%C3%A1n
Czvitkovics Péter,Székesfehérvár,1983.02.10,http://hu.wikipedia.org/wiki/Czvitkovics_P%C3%A9ter
Dajka László,Nyíregyháza,1959.04.29,http://hu.wikipedia.org/wiki/Dajka_L%C3%A1szl%C3%B3
Dalnoki Jenő,Budapest,1932.12.12,http://hu.wikipedia.org/wiki/Dalnoki_Jen%C5%91
Dán Vilmos,Stájerlakanina,1902.09.10,http://hu.wikipedia.org/wiki/D%C3%A1n_Vilmos
Danka Imre,Szombathely,1930.12.24,http://hu.wikipedia.org/wiki/Danka_Imre
Dárdai Márton,Berlin,2002.02.12,https://hu.wikipedia.org/wiki/Dárdai_Márton
Dárdai Pál,Pécs,1976.03.16,"http://hu.wikipedia.org/wiki/D%C3%A1rdai_P%C3%A1l_(labdar%C3%BAg%C3%B3,_1976)"
Dárdai Pál,Berlin,1999.04.24,https://hu.wikipedia.org/wiki/Dárdai_Palkó
Deák Ferenc,Budapest,1922.01.16,"http://hu.wikipedia.org/wiki/De%C3%A1k_Ferenc_(labdar%C3%BAg%C3%B3,_1922)"
Debreceni András,Nagykanizsa,1989.04.21,http://hu.wikipedia.org/wiki/Debreceni_Andr%C3%A1s
Dénes József,Kispest,1905.05.04,http://hu.wikipedia.org/wiki/D%C3%A9nes_J%C3%B3zsef_(labdar%C3%BAg%C3%B3)
Déri Károly,Budapest,1910.09.26,http://hu.wikipedia.org/wiki/D%C3%A9ri_K%C3%A1roly
Détári Lajos,Budapest,1963.04.24,http://hu.wikipedia.org/wiki/D%C3%A9t%C3%A1ri_Lajos
Deutsch Árpád,?,1894.10.01,http://hu.wikipedia.org/wiki/Deutsch_%C3%81rp%C3%A1d
Devecseri Szilárd,Szombathely,1990.02.13,http://hu.wikipedia.org/wiki/Devecseri_Szil%C3%A1rd
Dibusz Dénes,Pécs,1990.11.16,http://hu.wikipedia.org/wiki/Dibusz_D%C3%A9nes
Disztl László,Baja,1962.06.04,http://hu.wikipedia.org/wiki/Disztl_L%C3%A1szl%C3%B3
Disztl Péter,Baja,1960.03.30,http://hu.wikipedia.org/wiki/Disztl_P%C3%A9ter
Dobó Gyula,Budapest,1890.10.09,http://hu.wikipedia.org/wiki/Dob%C3%B3_Gyula_(labdar%C3%BAg%C3%B3)
Dobos Károly,Budapest,1901.11.29,http://hu.wikipedia.org/wiki/Dobos_K%C3%A1roly_(labdar%C3%BAg%C3%B3)
Dombi Tibor,Püspökladány,1973.11.11,http://hu.wikipedia.org/wiki/Dombi_Tibor
Domonkos László,Budapest,1886.10.10,http://hu.wikipedia.org/wiki/Domonkos_L%C3%A1szl%C3%B3_(labdar%C3%BAg%C3%B3)
Dragóner Attila,Budapest,1974.11.15,http://hu.wikipedia.org/wiki/Drag%C3%B3ner_Attila
Drössler Béla,?,1903.02.23,http://hu.wikipedia.org/wiki/D%C3%B6m%C3%B6t%C3%B6r_B%C3%A9la
Dudás Gyula,Budapest,1902.01.07,http://hu.wikipedia.org/wiki/Dud%C3%A1s_Gyula_(labdar%C3%BAg%C3%B3)
Dudás János,Budapest,1911.01.11,http://hu.wikipedia.org/wiki/Dud%C3%A1s_J%C3%A1nos_(labdar%C3%BAg%C3%B3)
Dudás Zoltán,Miskolc,1933.08.11,http://hu.wikipedia.org/wiki/Dud%C3%A1s_Zolt%C3%A1n
Dunai Antal,Gara,1943.03.21,http://hu.wikipedia.org/wiki/Dunai_Antal
Dunai Ede,Budapest,1949.07.14,http://hu.wikipedia.org/wiki/Dunai_Ede
Dunai János,Gara,1937.06.26,http://hu.wikipedia.org/wiki/Dunai_J%C3%A1nos
Dunai Lajos,Budapest,1942.11.29,http://hu.wikipedia.org/wiki/Dunai_Lajos
Duró József,Berettyóújfalu,1966.07.26,http://hu.wikipedia.org/wiki/Dur%C3%B3_J%C3%B3zsef
Dürr Antal,Budapest,1890.05.13,http://hu.wikipedia.org/wiki/D%C3%BCrr_Antal
Dvéri Zsolt,Székesfehérvár,1976.08.12,http://hu.wikipedia.org/wiki/Dv%C3%A9ri_Zsolt
Dzsudzsák Balázs,Debrecen,1986.12.23,http://hu.wikipedia.org/wiki/Dzsudzs%C3%A1k_Bal%C3%A1zs
Ebedli Zoltán,Budapest,1953.10.26,http://hu.wikipedia.org/wiki/Ebedli_Zolt%C3%A1n
Éger László,Paks,1977.05.07,http://hu.wikipedia.org/wiki/%C3%89ger_L%C3%A1szl%C3%B3
Egresi Béla,Szigetújfalu,1922.04.05,http://hu.wikipedia.org/wiki/Egresi_B%C3%A9la
Egressy Gábor,Budapest,1974.02.11,http://hu.wikipedia.org/wiki/Egressy_G%C3%A1bor_(labdar%C3%BAg%C3%B3)
Eisenhoffer József,Budapest,1900.11.08,http://hu.wikipedia.org/wiki/Eisenhoffer_J%C3%B3zsef
Elek Ákos,Ózd,1988.07.21,http://hu.wikipedia.org/wiki/Elek_Ákos
Emődi Rezső,Újpest,1903.03.09,http://hu.wikipedia.org/wiki/Em%C5%91di_Rezs%C5%91
Engel Vilmos,?,1894.03.11,http://hu.wikipedia.org/wiki/Engel_Vilmos
Eőry Mihály,Nagykamarás,1909.09.21,http://hu.wikipedia.org/wiki/E%C5%91ry_Mih%C3%A1ly
Eppel Márton,Budapest,1991.11.20,https://hu.wikipedia.org/wiki/Eppel_Márton
Erős Károly,Cegléd,1971.12.20,http://hu.wikipedia.org/wiki/Er%C5%91s_K%C3%A1roly
Esterházy Márton,Budapest,1956.04.09,http://hu.wikipedia.org/wiki/Esterh%C3%A1zy_M%C3%A1rton
Eszenyi Dénes,Nyíregyháza,1968.01.09,"http://hu.wikipedia.org/wiki/Eszenyi_D%C3%A9nes_(labdar%C3%BAg%C3%B3,_1968)"
Fábián Tibor,Budapest,1946.07.26,http://hu.wikipedia.org/wiki/F%C3%A1bi%C3%A1n_Tibor_(labdar%C3%BAg%C3%B3)
Faragó Lajos,Budapest,1932.08.03,http://hu.wikipedia.org/wiki/Farag%C3%B3_Lajos
Farkas Balázs,Nyíregyháza,1988.04.24,"http://hu.wikipedia.org/wiki/Farkas_Bal%C3%A1zs_(labdar%C3%BAg%C3%B3,_1988)"
Farkas Balázs,Győr,1979.10.15,"http://hu.wikipedia.org/wiki/Farkas_Bal%C3%A1zs_(labdar%C3%BAg%C3%B3,_1979)"
Farkas János,Budapest,1942.03.27,http://hu.wikipedia.org/wiki/Farkas_J%C3%A1nos_(labdar%C3%BAg%C3%B3)
Farkas Simon,Ózd,1965.12.14,http://hu.wikipedia.org/wiki/Farkas_Simon
Farkas Tibor,Kecskemét,1957.03.04,http://hu.wikipedia.org/wiki/Farkas_Tibor_(labdar%C3%BAg%C3%B3)
Farkasházy László,Budapest,1968.01.27,http://hu.wikipedia.org/wiki/Farkash%C3%A1zy_L%C3%A1szl%C3%B3
Fatér Károly,Nyírlak,1940.04.09,http://hu.wikipedia.org/wiki/Fat%C3%A9r_K%C3%A1roly
Fazekas Árpád,Kámon,1930.06.23,"http://hu.wikipedia.org/wiki/Fazekas_%C3%81rp%C3%A1d_(labdar%C3%BAg%C3%B3,_1930)"
Fazekas László,Budapest,1947.10.15,http://hu.wikipedia.org/wiki/Fazekas_L%C3%A1szl%C3%B3_(labdar%C3%BAg%C3%B3)
Feczesin Róbert,Dabas,1986.02.22,http://hu.wikipedia.org/wiki/Feczesin_R%C3%B3bert
Fehér Csaba,Szekszárd,1975.09.02,http://hu.wikipedia.org/wiki/Feh%C3%A9r_Csaba
Fehér Ferenc,Budapest,1902.10.03,http://hu.wikipedia.org/wiki/Feh%C3%A9r_Ferenc_(labdar%C3%BAg%C3%B3)
Fehér Miklós,Tatabánya,1979.07.20,http://hu.wikipedia.org/wiki/Feh%C3%A9r_Mikl%C3%B3s_(labdar%C3%BAg%C3%B3)
Fehéry Ákos,Fót,1882.08.15,http://hu.wikipedia.org/wiki/Feh%C3%A9ry_%C3%81kos
Fejes Gábor,Budapest,1947.04.08,http://hu.wikipedia.org/wiki/Fejes_G%C3%A1bor
Fekete Jenő,Budapest,1910.07.28,http://hu.wikipedia.org/wiki/Fekete_Jen%C5%91_(labdar%C3%BAg%C3%B3)
Fekete László,Budapest,1954.04.14,"http://hu.wikipedia.org/wiki/Fekete_L%C3%A1szl%C3%B3_(labdar%C3%BAg%C3%B3,_1954)"
Fekete Miklós,Budapest,1892.02.10,http://hu.wikipedia.org/wiki/Fekete_Mikl%C3%B3s_(labdar%C3%BAg%C3%B3)
Feketeházy Gyula,Budapest,1888.08.04,http://hu.wikipedia.org/wiki/Feketeh%C3%A1zy_Gyula
Feldmann Gyula,Szeged,1890.11.16,http://hu.wikipedia.org/wiki/Feldmann_Gyula
Fenyvesi László,Tolcsva,1908.05.22,http://hu.wikipedia.org/wiki/Fenyvesi_L%C3%A1szl%C3%B3
Fenyvesi Máté,Jánoshalma,1933.09.19,http://hu.wikipedia.org/wiki/Fenyvesi_M%C3%A1t%C3%A9
Ferenczi István,Győr,1977.09.14,http://hu.wikipedia.org/wiki/Ferenczi_Istv%C3%A1n_(labdar%C3%BAg%C3%B3)
Ferenczi János,Debrecen,1991.04.03,"https://hu.wikipedia.org/wiki/Ferenczi_János_(labdarúgó,_1991)"
Ficzere Péter,Budapest,1889.06.08,http://hu.wikipedia.org/wiki/Ficzere_P%C3%A9ter
Filkor Attila,Budapest,1988.07.12,http://hu.wikipedia.org/wiki/Filkor_Attila
Finta Károly,Nagygencs,1914.06.11,http://hu.wikipedia.org/wiki/Finta_K%C3%A1roly
Fiola Attila,Szekszárd,1990.02.17,http://hu.wikipedia.org/wiki/Fiola_Attila
Fischer Lajos,Budapest,1901.03.18,http://hu.wikipedia.org/wiki/Fischer_Lajos_(labdar%C3%BAg%C3%B3)
Fischer Pál,Pilisszántó,1966.01.29,http://hu.wikipedia.org/wiki/Fischer_P%C3%A1l
Fister Ferenc,Székesfehérvár,1940.02.23,http://hu.wikipedia.org/wiki/Fister_Ferenc
Fitos József,Nova,1959.11.04,http://hu.wikipedia.org/wiki/Fitos_J%C3%B3zsef
Fodor Imre,Budapest,1963.03.16,http://hu.wikipedia.org/wiki/Fodor_Imre_(labdar%C3%BAg%C3%B3)
Fogl József,Újpest,1897.08.14,http://hu.wikipedia.org/wiki/Fogl_J%C3%B3zsef
Fogl Károly,Újpest,1895.01.19,http://hu.wikipedia.org/wiki/Fogl_K%C3%A1roly
Forró Gyula,Orosháza,1988.06.06,http://hu.wikipedia.org/wiki/Forró_Gyula
Friedrich István,Malacka,1883.07.01,http://hu.wikipedia.org/wiki/Friedrich_Istv%C3%A1n
Fritz Alajos,Budapest,1885.06.21,http://hu.wikipedia.org/wiki/Fritz_Alajos
Fröhlich Sándor,?,1897.09.11,http://hu.wikipedia.org/wiki/Fr%C3%B6hlich_S%C3%A1ndor
Füle Antal,Esztergom,1966.11.26,http://hu.wikipedia.org/wiki/F%C3%BCle_Antal
Fülöp Márton,Budapest,1983.05.03,http://hu.wikipedia.org/wiki/F%C3%BCl%C3%B6p_M%C3%A1rton
Furmann Károly,Budapest,1901.11.19,http://hu.wikipedia.org/wiki/Furmann_K%C3%A1roly
Futács Márkó,Budapest,1990.02.22,https://hu.wikipedia.org/wiki/Fut%C3%A1cs_M%C3%A1rk%C3%B3
Futó Gyula,Újpest,1908.12.29,http://hu.wikipedia.org/wiki/Fut%C3%B3_Gyula
Füzér János,Temesvár,1916.10.17,http://hu.wikipedia.org/wiki/F%C3%BCz%C3%A9r_J%C3%A1nos
Füzi Ákos,Kapuvár,1978.03.24,http://hu.wikipedia.org/wiki/F%C3%BCzi_%C3%81kos
Füzi Gábor,Budapest,1916.10.15,http://hu.wikipedia.org/wiki/F%C3%BCzi_G%C3%A1bor
G. Tóth Péter,Battonya,1913.02.01,http://hu.wikipedia.org/wiki/G._T%C3%B3th_P%C3%A9ter
Gabrovitz Emil,Budapest,1876.02.09,http://hu.wikipedia.org/wiki/Gabrovitz_Emil
Gallina Károly,Budapest,1907.11.05,http://hu.wikipedia.org/wiki/Gallina_K%C3%A1roly
Garaba Imre,Vác,1958.07.29,http://hu.wikipedia.org/wiki/Garaba_Imre
Gáspár József,Budapest,1955.06.28,"http://hu.wikipedia.org/wiki/G%C3%A1sp%C3%A1r_J%C3%B3zsef_(labdar%C3%BAg%C3%B3,_1955)"
Gazdag Dániel,Nyíregyháza,1996.03.02,https://hu.wikipedia.org/wiki/Gazdag_Dániel
Géczi István,Sajóörös,1944.03.16,http://hu.wikipedia.org/wiki/G%C3%A9czi_Istv%C3%A1n_(labdar%C3%BAg%C3%B3)
Gelei József,Kunmadaras,1938.06.29,http://hu.wikipedia.org/wiki/Gelei_J%C3%B3zsef_(labdar%C3%BAg%C3%B3)
Gelei Károly,Budapest,1964.12.07,http://hu.wikipedia.org/wiki/Gelei_K%C3%A1roly
Gellér Sándor,Vesszős,1925.07.12,http://hu.wikipedia.org/wiki/Gell%C3%A9r_S%C3%A1ndor_(labdar%C3%BAg%C3%B3)
Gencsy Dezső,Budapest,1897.11.02,http://hu.wikipedia.org/wiki/Gencsy_Dezs%C5%91
Gera Zoltán,Pécs,1979.04.22,http://hu.wikipedia.org/wiki/Gera_Zoltán_(labdarúgó)
Géresi Krisztián,Székesfehérvár,1994.06.14,https://hu.wikipedia.org/wiki/Géresi_Krisztián
Geress Zoltán,Budapest,1970.06.12,http://hu.wikipedia.org/wiki/Geress_Zolt%C3%A1n
Gilicz István,Kaposvár,1934.08.20,http://hu.wikipedia.org/wiki/Gilicz_Istv%C3%A1n
Gilly-Goldberger Pál,Bécs,1881.01.14,http://hu.wikipedia.org/wiki/Gilly-Goldberger_P%C3%A1l
Ging József,Budapest,1891.11.27,http://hu.wikipedia.org/wiki/Ging_J%C3%B3zsef
Gőcze Sándor,Tapolca,1921.11.29,http://hu.wikipedia.org/wiki/G%C5%91cze_S%C3%A1ndor
Godán Lajos,Budapest,1952.01.21,http://hu.wikipedia.org/wiki/God%C3%A1n_Lajos
Göröcs János,Gánt,1939.05.08,http://hu.wikipedia.org/wiki/G%C3%B6r%C3%B6cs_J%C3%A1nos
Gorszky Tivadar,Budapest,1883.10.24,http://hu.wikipedia.org/wiki/Gorszky_Tivadar
Gregor József,Budapest,1963.11.30,http://hu.wikipedia.org/wiki/Gregor_J%C3%B3zsef_(labdar%C3%BAg%C3%B3)
Grosics Gyula,Dorog,1926.02.04,http://hu.wikipedia.org/wiki/Grosics_Gyula
Grósz Dezső,Baja,1898.09.19,http://hu.wikipedia.org/wiki/Gr%C3%B3sz_Dezs%C5%91_(labdar%C3%BAg%C3%B3)
Grósz József,?,1883.11.15,http://hu.wikipedia.org/wiki/Gr%C3%B3sz_J%C3%B3zsef
Gujdár Sándor,Szentes,1951.11.08,http://hu.wikipedia.org/wiki/Gujd%C3%A1r_S%C3%A1ndor
Gulácsi Péter,Budapest,1990.05.06,http://hu.wikipedia.org/wiki/Gul%C3%A1csi_P%C3%A9ter
Guttmann Béla,Budapest,1899.01.27,http://hu.wikipedia.org/wiki/Guttmann_B%C3%A9la
Guzmics Richárd,Szombathely,1987.04.16,http://hu.wikipedia.org/wiki/Guzmics_Richárd
Gyarmati János,Tápiószele,1910.02.08,http://hu.wikipedia.org/wiki/Gyarmati_J%C3%A1nos
Gyepes Gábor,Budapest,1981.06.26,http://hu.wikipedia.org/wiki/Gyepes_G%C3%A1bor
Gyetvai László,Zólyom,1918.12.11,http://hu.wikipedia.org/wiki/Gyetvai_L%C3%A1szl%C3%B3
Gyimesi László,Budapest,1957.09.08,http://hu.wikipedia.org/wiki/Gyimesi_L%C3%A1szl%C3%B3_(labdar%C3%BAg%C3%B3)
Gyömbér Gábor,Makó,1988.02.27,http://hu.wikipedia.org/wiki/Gy%C3%B6mb%C3%A9r_G%C3%A1bor
Győri János,Komló,1976.09.10,http://hu.wikipedia.org/wiki/Gy%C5%91ri_J%C3%A1nos
Győri József,?,1910.09.03,https://hu.wikipedia.org/wiki/Győri_József_(labdarúgó)
Gyurcsó Ádám,Tatabánya,1991.03.06,http://hu.wikipedia.org/wiki/Gyurcs%C3%B3_%C3%81d%C3%A1m
Gyurik László,Szeged,1925.07.05,http://hu.wikipedia.org/wiki/Gyurik_L%C3%A1szl%C3%B3
Háda József,Budapest,1911.03.02,http://hu.wikipedia.org/wiki/H%C3%A1da_J%C3%B3zsef
Hahn Árpád,Paks,1965.03.12,http://hu.wikipedia.org/wiki/Hahn_%C3%81rp%C3%A1d
Hahn János,Szekszárd,1995.03.15,https://hu.wikipedia.org/wiki/Hahn_János
Hajdu Attila,Budapest,1971.04.13,http://hu.wikipedia.org/wiki/Hajdu_Attila
Hajnal Tamás,Esztergom,1981.03.15,http://hu.wikipedia.org/wiki/Hajnal_Tam%C3%A1s
Hajós Alfréd,Budapest,1878.02.01,http://hu.wikipedia.org/wiki/Haj%C3%B3s_Alfr%C3%A9d
Hajós Árpád,Budapest,1902.03.15,http://hu.wikipedia.org/wiki/Haj%C3%B3s_%C3%81rp%C3%A1d
Hajszán Gyula,Sopron,1961.10.09,http://hu.wikipedia.org/wiki/Hajsz%C3%A1n_Gyula
Halász István,Rakamaz,1951.10.12,http://hu.wikipedia.org/wiki/Hal%C3%A1sz_Istv%C3%A1n_(labdar%C3%BAg%C3%B3)
Halmai Gábor,Székesfehérvár,1972.01.07,http://hu.wikipedia.org/wiki/Halmai_G%C3%A1bor_(labdar%C3%BAg%C3%B3)
Halmosi Péter,Szombathely,1979.09.25,http://hu.wikipedia.org/wiki/Halmosi_P%C3%A9ter
Halmosi Zoltán,Bozzai,1947.06.28,http://hu.wikipedia.org/wiki/Halmosi_Zolt%C3%A1n
Hamar István,Budapest,1970.10.06,http://hu.wikipedia.org/wiki/Hamar_Istv%C3%A1n
Hámori Ferenc,Budapest,1972.10.14,http://hu.wikipedia.org/wiki/H%C3%A1mori_Ferenc
Hámori László,Tapolca,1914.03.29,http://hu.wikipedia.org/wiki/H%C3%A1mori_L%C3%A1szl%C3%B3_(labdar%C3%BAg%C3%B3)
Handel György,Budapest,1959.03.20,http://hu.wikipedia.org/wiki/Handel_Gy%C3%B6rgy
Hangya Szilveszter,Baja,1994.01.02,https://hu.wikipedia.org/wiki/Hangya_Szilveszter
Hannich Péter,Győr,1957.03.30,http://hu.wikipedia.org/wiki/Hannich_P%C3%A9ter
Harangozó Sándor,Kispest,1913.02.05,http://hu.wikipedia.org/wiki/Harangoz%C3%B3_S%C3%A1ndor
Harsányi László,Budapest,1951.03.13,http://hu.wikipedia.org/wiki/Hars%C3%A1nyi_L%C3%A1szl%C3%B3_(labdar%C3%BAg%C3%B3)
Heffler Tibor,Dunaújváros,1987.05.17,https://hu.wikipedia.org/wiki/Heffler_Tibor
Hegedűs András,Budapest,1922.10.25,https://hu.wikipedia.org/wiki/Hegedűs_András_(labdarúgó)
Hegyi Sándor,Dombóvár,1932.04.03,http://hu.wikipedia.org/wiki/Hegyi_S%C3%A1ndor
Henni Géza,Szarvas,1926.07.15,http://hu.wikipedia.org/wiki/Henni_G%C3%A9za
Hercegfalvi Zoltán,Budapest,1979.12.31,http://hu.wikipedia.org/wiki/Hercegfalvi_Zolt%C3%A1n
Herczeg Miklós,Zalaszentgrót,1974.03.26,http://hu.wikipedia.org/wiki/Herczeg_Mikl%C3%B3s
Herédi Attila,Jánoshalma,1959.01.02,http://hu.wikipedia.org/wiki/Her%C3%A9di_Attila
Hidegkuti Nándor,Budapest,1922.03.03,http://hu.wikipedia.org/wiki/Hidegkuti_N%C3%A1ndor
Himmer Rezső,Budapest,1900.05.14,http://hu.wikipedia.org/wiki/Himmer_Rezs%C5%91
Híres Ferenc,Budapest,1902.11.21,http://hu.wikipedia.org/wiki/Hirzer_Ferenc
Híres Gábor,Budapest,1958.02.26,http://hu.wikipedia.org/wiki/H%C3%ADres_G%C3%A1bor
Hlavay György,Budapest,1888.01.04,http://hu.wikipedia.org/wiki/Hlavay_Gy%C3%B6rgy
Holender Filip,Kragujevac,1994.07.27,https://hu.wikipedia.org/wiki/Filip_Holender
Holits Ödön,Tura,1886.12.07,http://hu.wikipedia.org/wiki/Holits_%C3%96d%C3%B6n
Holman Dávid,Budapest,1993.03.17,https://hu.wikipedia.org/wiki/Holman_Dávid
Holzbauer József,Szombathely,1900.07.22,http://hu.wikipedia.org/wiki/Holzbauer_J%C3%B3zsef
Hönich Lajos,Budapest,1887.09.25,http://hu.wikipedia.org/wiki/H%C3%B6nich_Lajos
Hóri György,?,1908.02.03,http://hu.wikipedia.org/wiki/H%C3%B3ri_Gy%C3%B6rgy
Horváth András,Szombathely,1980.08.06,"http://hu.wikipedia.org/wiki/Horv%C3%A1th_Andr%C3%A1s_(labdar%C3%BAg%C3%B3,_1980)"
Horváth Attila,Zalaegerszeg,1971.01.23,"http://hu.wikipedia.org/wiki/Horv%C3%A1th_Attila_(labdar%C3%BAg%C3%B3,_1971)"
Horváth Csaba,Budapest,1969.03.07,"http://hu.wikipedia.org/wiki/Horv%C3%A1th_Csaba_(labdar%C3%BAg%C3%B3,_1969)"
Horváth Ferenc,,1914,"http://hu.wikipedia.org/wiki/Horv%C3%A1th_Ferenc_(labdar%C3%BAg%C3%B3,_1914)"
Horváth Ferenc,Szolnok,1920.08.15,"http://hu.wikipedia.org/wiki/Horv%C3%A1th_Ferenc_(labdar%C3%BAg%C3%B3,_1920)"
Horváth Ferenc,Budapest,1973.05.06,"http://hu.wikipedia.org/wiki/Horv%C3%A1th_Ferenc_(labdar%C3%BAg%C3%B3,_1973)"
Horváth Gábor,Székesfehérvár,1985.07.04,"http://hu.wikipedia.org/wiki/Horv%C3%A1th_G%C3%A1bor_(labdar%C3%BAg%C3%B3,_1985)"
Horváth György,Körmend,1929.03.07,http://hu.wikipedia.org/wiki/Horv%C3%A1th_Gy%C3%B6rgy_(labdar%C3%BAg%C3%B3)
Horváth Gyula,Budapest,1888.12.13,"http://hu.wikipedia.org/wiki/Horv%C3%A1th_Gyula_(labdar%C3%BAg%C3%B3,_1888)"
Horváth József,Budapest,1949.05.21,"http://hu.wikipedia.org/wiki/Horv%C3%A1th_J%C3%B3zsef_(labdar%C3%BAg%C3%B3,_1949)"
Horváth József,?,1890.09.25,"http://hu.wikipedia.org/wiki/Horv%C3%A1th_J%C3%B3zsef_(labdar%C3%BAg%C3%B3,_1890)"
Horváth Károly,Gyula,1920.08.28,http://hu.wikipedia.org/wiki/Horv%C3%A1th_K%C3%A1roly_(labdar%C3%BAg%C3%B3)
Horváth Krisztofer,Hévíz,2002.01.08,
Horváth László,Körmend,1901.09.03,"http://hu.wikipedia.org/wiki/Horv%C3%A1th_L%C3%A1szl%C3%B3_(labdar%C3%BAg%C3%B3,_1901)"
Hrepka Ádám,Szeged,1987.04.15,http://hu.wikipedia.org/wiki/Hrepka_%C3%81d%C3%A1m
Hrutka János,Budapest,1974.10.26,http://hu.wikipedia.org/wiki/Hrutka_J%C3%A1nos
Huber Rezső,?,1903.09.03,http://hu.wikipedia.org/wiki/Huber_Rezs%C5%91
Hungler János,Budapest,1900.12.19,http://hu.wikipedia.org/wiki/Hungler_J%C3%A1nos
Huszti Szabolcs,Miskolc,1983.04.18,http://hu.wikipedia.org/wiki/Huszti_Szabolcs
Ihász Kálmán,Budapest,1941.03.06,http://hu.wikipedia.org/wiki/Ih%C3%A1sz_K%C3%A1lm%C3%A1n
Ilku István,Budapest,1933.03.06,http://hu.wikipedia.org/wiki/Ilku_Istv%C3%A1n
Illés Béla,Sárvár,1968.04.27,http://hu.wikipedia.org/wiki/Ill%C3%A9s_B%C3%A9la_(labdar%C3%BAg%C3%B3)
Illovszky Rudolf,Budapest,1922.02.21,http://hu.wikipedia.org/wiki/Illovszky_Rudolf
Ivanics László,Budapest,1966.11.01,http://hu.wikipedia.org/wiki/Ivanics_L%C3%A1szl%C3%B3
Izsó Ignác,Tarján,1956.02.22,http://hu.wikipedia.org/wiki/Izs%C3%B3_Ign%C3%A1c
Izsó László,Budapest,1886.07.22,http://hu.wikipedia.org/wiki/Izs%C3%B3_L%C3%A1szl%C3%B3
Jagodics Zoltán,Kőszeg,1969.07.29,http://hu.wikipedia.org/wiki/Jagodics_Zolt%C3%A1n
Jancsika Károly,Gödöllő,1955.11.13,http://hu.wikipedia.org/wiki/Jancsika_K%C3%A1roly
Jávor Pál,Újpest,1907.02.05,http://hu.wikipedia.org/wiki/J%C3%A1vor_P%C3%A1l_(labdar%C3%BAg%C3%B3)
Jelinek Tivadar,Budapest,1898.02.21,http://hu.wikipedia.org/wiki/Jelinek_Tivadar
Jeny Rudolf,Budapest,1901.03.02,http://hu.wikipedia.org/wiki/Jeny_Rudolf
Jeszmás József,Bécs,1897.02.08,http://hu.wikipedia.org/wiki/Jeszm%C3%A1s_J%C3%B3zsef
Jován Róbert,Budapest,1967.11.04,http://hu.wikipedia.org/wiki/Jov%C3%A1n_R%C3%B3bert
Józsa Zoltán,Mezőkovácsháza,1924.10.01,http://hu.wikipedia.org/wiki/J%C3%B3zsa_Zolt%C3%A1n
Juhár Tamás,Sátoraljaújhely,1972.11.20,http://hu.wikipedia.org/wiki/Juh%C3%A1r_Tam%C3%A1s
Juhász István,Budapest,1945.07.17,http://hu.wikipedia.org/wiki/Juh%C3%A1sz_Istv%C3%A1n_(labdar%C3%BAg%C3%B3)
Juhász Lajos,,1906.08.25,http://hu.wikipedia.org/wiki/Juh%C3%A1sz_Lajos_(labdar%C3%BAg%C3%B3)
Juhász Péter,Losonc,1948.08.03,http://hu.wikipedia.org/wiki/Juh%C3%A1sz_P%C3%A9ter_(labdar%C3%BAg%C3%B3)
Juhász Roland,Cegléd,1983.07.01,http://hu.wikipedia.org/wiki/Juh%C3%A1sz_Roland
Kabát Péter,Budapest,1977.09.25,http://hu.wikipedia.org/wiki/Kab%C3%A1t_P%C3%A9ter
Kádár Tamás,Veszprém,1990.03.14,http://hu.wikipedia.org/wiki/K%C3%A1d%C3%A1r_Tam%C3%A1s
Kakas László,Ecséd,1954.01.09,http://hu.wikipedia.org/wiki/Kakas_L%C3%A1szl%C3%B3
Kállai Lipót,Újpest,1912.12.27,http://hu.wikipedia.org/wiki/K%C3%A1llai_Lip%C3%B3t
Kalmár Jenő,Mocsolád,1908.03.21,http://hu.wikipedia.org/wiki/Kalm%C3%A1r_Jen%C5%91_(labdar%C3%BAg%C3%B3)
Kalmár Zsolt,Győr,1995.06.09,https://hu.wikipedia.org/wiki/Kalmár_Zsolt
Kalocsay Géza,Beregszász,1913.05.30,http://hu.wikipedia.org/wiki/Kalocsay_G%C3%A9za
Kámán Attila,Zalaegerszeg,1969.11.20,http://hu.wikipedia.org/wiki/K%C3%A1m%C3%A1n_Attila
Kanta József,Budapest,1984.03.24,http://hu.wikipedia.org/wiki/Kanta_J%C3%B3zsef
Kántor Mihály,Szolnok,1952.03.27,http://hu.wikipedia.org/wiki/K%C3%A1ntor_Mih%C3%A1ly_(labdar%C3%BAg%C3%B3)
Kanyaurek István,Budapest,1889.04.28,
Kapcsos Vince,Budapest,1981.10.15,http://hu.wikipedia.org/wiki/Kapcsos_Vince
Káposzta Benő,Budapest,1942.06.07,http://hu.wikipedia.org/wiki/K%C3%A1poszta_Ben%C5%91
Kardos Ernő,Kecskemét,1954.07.30,"http://hu.wikipedia.org/wiki/Kardos_Ern%C5%91_(labdar%C3%BAg%C3%B3,_1954)"
Kardos István,Rákosfalva,1915.01.17,http://hu.wikipedia.org/wiki/Kardos_Istv%C3%A1n_(labdar%C3%BAg%C3%B3)
Kardos József,Nagybátony,1960.03.22,https://hu.wikipedia.org/wiki/Kardos_József_(labdarúgó)
Károly Jenő,Kaposvár,1886.01.15,http://hu.wikipedia.org/wiki/K%C3%A1roly_Jen%C5%91
Károlyi József,Diósgyőr,1925.05.25,http://hu.wikipedia.org/wiki/K%C3%A1rolyi_J%C3%B3zsef_(labdar%C3%BAg%C3%B3)
Kárpáti Béla,Felsőgalla,1929.09.30,http://hu.wikipedia.org/wiki/K%C3%A1rp%C3%A1ti_B%C3%A9la_(labdar%C3%BAg%C3%B3)
Kárpáti Pál,Budapest,1909.01.31,http://hu.wikipedia.org/wiki/K%C3%A1rp%C3%A1ti_P%C3%A1l
Karsai László,Budapest,1947.12.05,http://hu.wikipedia.org/wiki/Karsai_L%C3%A1szl%C3%B3_(labdar%C3%BAg%C3%B3)
Kata Mihály,Budapest,2002.04.13,
Katona György,Budapest,1960.04.16,"https://hu.wikipedia.org/wiki/Katona_György_(labdarúgó,_1960)"
Katzer Károly,Csepel,1896.05.20,http://hu.wikipedia.org/wiki/Katzer_K%C3%A1roly_Mih%C3%A1ly
Katzirz Béla,Budapest,1953.04.27,http://hu.wikipedia.org/wiki/Katzirz_B%C3%A9la
Kautzky József,Alsótold,1902.10.18,https://hu.wikipedia.org/wiki/Kautzky_J%C3%B3zsef_(labdar%C3%BAg%C3%B3)
Kecskés Ákos,Hódmezővásárhely,1996.01.04,https://hu.wikipedia.org/wiki/Kecskés_Ákos
Kecskés Zoltán,Budapest,1965.11.24,https://hu.wikipedia.org/wiki/Kecskés_Zoltán_(labdarúgó)
Kehrling Béla,Szepesszombat,1891.01.25,http://hu.wikipedia.org/wiki/Kehrling_B%C3%A9la
Kékesi Rezső,Budapest,1958.01.11,http://hu.wikipedia.org/wiki/K%C3%A9kesi_Rezs%C5%91
Kelemen Béla,Kolozsvár,1887.02.19,http://hu.wikipedia.org/wiki/Kelemen_B%C3%A9la_(labdar%C3%BAg%C3%B3)
Kelemen Gusztáv,Budapest,1956.09.02,http://hu.wikipedia.org/wiki/Kelemen_Guszt%C3%A1v
Kelemen József,Hatvan,1948.05.30,http://hu.wikipedia.org/wiki/Kelemen_J%C3%B3zsef_(labdar%C3%BAg%C3%B3)
Keller József,Nagykanizsa,1965.09.25,http://hu.wikipedia.org/wiki/Keller_J%C3%B3zsef
Kemény Tibor,Budapest,1913.03.05,http://hu.wikipedia.org/wiki/Kem%C3%A9ny_Tibor
Kenesei Krisztián,Budapest,1977.01.07,http://hu.wikipedia.org/wiki/Kenesei_Kriszti%C3%A1n
Kerekes Attila,Budapest,1954.04.04,http://hu.wikipedia.org/wiki/Kerekes_Attila
Kerekes György,Debrecen,1956.08.08,http://hu.wikipedia.org/wiki/Kerekes_Gy%C3%B6rgy_(labdar%C3%BAg%C3%B3)
Kerekes Zsombor,Zenta,1973.09.13,http://hu.wikipedia.org/wiki/Kerekes_Zsombor
Kereki Zoltán,Kőszeg,1953.07.13,http://hu.wikipedia.org/wiki/Kereki_Zolt%C3%A1n
Keresztúri András,Cegléd,1967.11.02,http://hu.wikipedia.org/wiki/Kereszt%C3%BAri_Andr%C3%A1s
Kéri Károly,Budapest,1920.02.09,http://hu.wikipedia.org/wiki/K%C3%A9ri_K%C3%A1roly
Kerkez Milos,Verbász,2003.11.07,https://hu.wikipedia.org/wiki/Kerkez_Milos
Kertay Lajos,Budapest,1883.09.02,http://hu.wikipedia.org/wiki/Kertay_Lajos
Kertész Adolf,Kisfalud,1892.03.15,http://hu.wikipedia.org/wiki/Kert%C3%A9sz_Adolf
Kertész Géza,Budapest,1894.11.21,https://hu.wikipedia.org/wiki/Kertész_Géza
Kertész Gyula,Kiskálna,1888.02.29,http://hu.wikipedia.org/wiki/Kert%C3%A9sz_Gyula_(labdar%C3%BAg%C3%B3)
Kertész Tamás,Budapest,1929.04.01,http://hu.wikipedia.org/wiki/Kert%C3%A9sz_Tam%C3%A1s_(labdar%C3%BAg%C3%B3)
Kertész Vilmos,Barskisfalud,1890.03.21,http://hu.wikipedia.org/wiki/Kert%C3%A9sz_Vilmos
Késmárky Ákos,?,1886.11.13,http://hu.wikipedia.org/wiki/K%C3%A9sm%C3%A1rky_%C3%81kos
Keszthelyi Mihály,Budapest,1922.12.11,http://hu.wikipedia.org/wiki/Keszthelyi_Mih%C3%A1ly
Kincses Mihály,Pestszentlőrinc,1918.09.01,http://hu.wikipedia.org/wiki/Kincses_Mih%C3%A1ly
Kiprich József,Tatabánya,1963.09.06,http://hu.wikipedia.org/wiki/Kiprich_J%C3%B3zsef
Kirádi Ervin,Budapest,1925.03.23,http://hu.wikipedia.org/wiki/Kir%C3%A1di_Ervin
Király Gábor,Szombathely,1976.04.01,http://hu.wikipedia.org/wiki/Kir%C3%A1ly_G%C3%A1bor
Király Sándor,Budapest,1913.04.17,http://hu.wikipedia.org/wiki/Kir%C3%A1ly_S%C3%A1ndor_(labdar%C3%BAg%C3%B3)
Kis Károly,Podivin,1912.02.23,https://hu.wikipedia.org/wiki/Kis_K%C3%A1roly_(labdar%C3%BAg%C3%B3)
Kisalagi János,Újpest,1912.08.28,http://hu.wikipedia.org/wiki/Kisalagi_János
Kisfaludy Árpád János,Nagykanizsa,1884.10.18,http://hu.wikipedia.org/wiki/Kisfaludy_%C3%81rp%C3%A1d
Kispéter Mihály,Szeged,1919.10.09,http://hu.wikipedia.org/wiki/Kisp%C3%A9ter_Mih%C3%A1ly
Kiss Béla,Budapest,1890.12.03,http://hu.wikipedia.org/wiki/Kiss_B%C3%A9la_(labdar%C3%BAg%C3%B3)
Kiss Gyula,Sátoraljaújhely,1881.10.23,"http://hu.wikipedia.org/wiki/Kiss_Gyula_(labdar%C3%BAg%C3%B3,_1881)"
Kiss Gyula,Budapest,1916.05.14,"http://hu.wikipedia.org/wiki/Kiss_Gyula_(labdar%C3%BAg%C3%B3,_1916)"
Kiss János,Hajdúböszörmény,1952.08.28,"http://hu.wikipedia.org/wiki/Kiss_J%C3%A1nos_(labdar%C3%BAg%C3%B3,_1952)"
Kiss László,Taszár,1956.03.12,"http://hu.wikipedia.org/wiki/Kiss_L%C3%A1szl%C3%B3_(labdar%C3%BAg%C3%B3,_1956)"
Kiss Sándor,Szekszárd,1956.11.02,http://hu.wikipedia.org/wiki/Kiss_S%C3%A1ndor_(labdar%C3%BAg%C3%B3)
Kiss Tamás,Győr,2000.11.24,"https://hu.wikipedia.org/wiki/Kiss_Tamás_(labdarúgó,_2000)"
Kiss Tibor,Budapest,1949.10.11,http://hu.wikipedia.org/wiki/Kiss_Tibor_(labdar%C3%BAg%C3%B3)
Kiss Zoltán,Püspökladány,1980.08.18,"http://hu.wikipedia.org/wiki/Kiss_Zolt%C3%A1n_(labdar%C3%BAg%C3%B3,_1980)"
Kiszely István,Újpest,1913.12.21,http://hu.wikipedia.org/wiki/Kiszely_Istv%C3%A1n_(labdar%C3%BAg%C3%B3)
Kisznyér Sándor,Kiskunfélegyháza,1958.01.11,http://hu.wikipedia.org/wiki/Kiszny%C3%A9r_S%C3%A1ndor
Klausz László,Tatabánya,1971.06.24,http://hu.wikipedia.org/wiki/Klausz_L%C3%A1szl%C3%B3
Kleinheisler László,Kazincbarcika,1994.04.08,https://hu.wikipedia.org/wiki/Kleinheisler_László
Kleisz Márk,Budapest,1998.07.02,https://hu.wikipedia.org/wiki/Kleisz_Márk
Klement Engelbert,Innsbruck,1894.11.17,http://hu.wikipedia.org/wiki/Klement_Engelbert
Knapp Miksa,Rajka,1890.07.14,http://hu.wikipedia.org/wiki/Knapp_Miksa
Koch Nándor,Kolozsvár,1885.07.07,http://hu.wikipedia.org/wiki/Koch_N%C3%A1ndor
Kocsis Ferenc,?,1891.06.29,"http://hu.wikipedia.org/wiki/Kocsis_Ferenc_(labdar%C3%BAg%C3%B3,_1891)"
Kocsis Ferenc,Budapest,1904.01.28,"http://hu.wikipedia.org/wiki/Kocsis_Ferenc_(labdar%C3%BAg%C3%B3,_1904)"
Kocsis Géza,Pozsony,1910.11.25,http://hu.wikipedia.org/wiki/Kocsis_G%C3%A9za
Kocsis István,Csorna,1949.10.06,http://hu.wikipedia.org/wiki/Kocsis_Istv%C3%A1n_(labdar%C3%BAg%C3%B3)
Kocsis Lajos,Szeged,1947.06.17,http://hu.wikipedia.org/wiki/Kocsis_Lajos
Kocsis Sándor,Budapest,1929.09.21,http://hu.wikipedia.org/wiki/Kocsis_S%C3%A1ndor_(labdar%C3%BAg%C3%B3)
Kőhalmi Gábor,Szombathely,1955.10.31,http://hu.wikipedia.org/wiki/K%C5%91halmi_G%C3%A1bor
Kohut Vilmos,Pestszentlőrinc,1906.07.17,http://hu.wikipedia.org/wiki/Kohut_Vilmos
Kolár Endre,Budapest,1950.02.17,http://hu.wikipedia.org/wiki/Kol%C3%A1r_Endre
Kolláth Ferenc,Szolnok,1914.10.06,http://hu.wikipedia.org/wiki/Koll%C3%A1th_Ferenc
Koller Ákos,Szilágycseh,1974.09.04,http://hu.wikipedia.org/wiki/Koller_%C3%81kos
Koltai József,Budapest,1882.02.07,http://hu.wikipedia.org/wiki/Koltai_J%C3%B3zsef
Koltai Tamás,Győr,1987.04.30,"http://hu.wikipedia.org/wiki/Koltai_Tam%C3%A1s_(labdar%C3%BAg%C3%B3,_1987)"
Koman Vladimir,Ungvár,1989.03.16,http://hu.wikipedia.org/wiki/Koman_Vladimir
Komáromi Tibor,Debrecen,1930.05.28,http://hu.wikipedia.org/wiki/Kom%C3%A1romi_Tibor_(labdar%C3%BAg%C3%B3)
Komjáti András,Győr,1953.11.20,http://hu.wikipedia.org/wiki/Komj%C3%A1ti_Andr%C3%A1s
Komlósi Ádám,Kazincbarcika,1977.12.06,http://hu.wikipedia.org/wiki/Koml%C3%B3si_%C3%81d%C3%A1m
Komora Imre,Budapest,1940.06.05,http://hu.wikipedia.org/wiki/Komora_Imre
Kompóti-Kléber Gábor,Budapest,1901.05.23,http://hu.wikipedia.org/wiki/Kl%C3%A9ber_G%C3%A1bor
Konrád János,Hercegszentmárton,1946.08.22,http://hu.wikipedia.org/wiki/Konr%C3%A1d_J%C3%A1nos_(labdar%C3%BAg%C3%B3)
Konrád Jenő,Palánka,1894.08.13,http://hu.wikipedia.org/wiki/Konr%C3%A1d_Jen%C5%91
Konrád Kálmán,Palánka,1896.05.23,http://hu.wikipedia.org/wiki/Konr%C3%A1d_K%C3%A1lm%C3%A1n
Kónya József,Ercsi,1920.03.06,https://hu.wikipedia.org/wiki/Kónya_József_(labdarúgó)
Könyves Norbert,Zenta,1989.06.10,https://hu.wikipedia.org/wiki/Könyves_Norbert
Koplárovics Béla,Barcs,1981.06.07,http://hu.wikipedia.org/wiki/Kopl%C3%A1rovics_B%C3%A9la
Korányi Lajos,Szeged,1907.05.15,http://hu.wikipedia.org/wiki/Kor%C3%A1nyi_Lajos
Korányi Mátyás,Szeged,1910.02.24,http://hu.wikipedia.org/wiki/Kor%C3%A1nyi_M%C3%A1ty%C3%A1s
Korcsmár Zsolt,Komló,1989.01.09,http://hu.wikipedia.org/wiki/Korcsm%C3%A1r_Zsolt
Korhut Mihály,Miskolc,1988.12.01,https://hu.wikipedia.org/wiki/Korhut_Mih%C3%A1ly
Koródy Károly,Látrány,1887.02.08,http://hu.wikipedia.org/wiki/Kor%C3%B3dy_K%C3%A1roly
Korolovszky Gábor,Budapest,1979.07.11,http://hu.wikipedia.org/wiki/Korolovszky_G%C3%A1bor
Korsós Attila,Győr,1971.12.25,http://hu.wikipedia.org/wiki/Kors%C3%B3s_Attila
Korsós György,Győr,1976.08.22,http://hu.wikipedia.org/wiki/Kors%C3%B3s_Gy%C3%B6rgy
Korsós István,Budapest,1941.07.30,http://hu.wikipedia.org/wiki/Kors%C3%B3s_Istv%C3%A1n
Kósa Lajos,?,1898.06.11,http://hu.wikipedia.org/wiki/K%C3%B3sa_Lajos_(labdar%C3%BAg%C3%B3)
Kőszegi György,Budapest,1888.10.22,
Koszta János,Sajószentpéter,1959.03.18,http://hu.wikipedia.org/wiki/Koszta_J%C3%A1nos
Kotász Antal,Vasvár,1929.09.01,http://hu.wikipedia.org/wiki/Kot%C3%A1sz_Antal
Kovács Attila,Pécs,1956.02.24,"http://hu.wikipedia.org/wiki/Kov%C3%A1cs_Attila_(labdar%C3%BAg%C3%B3,_1956)"
Kovács Béla,Budapest,1952.08.09,"http://hu.wikipedia.org/wiki/Kov%C3%A1cs_B%C3%A9la_(labdar%C3%BAg%C3%B3,_1952)"
Kovács Béla,Budapest,1977.03.30,"http://hu.wikipedia.org/wiki/Kov%C3%A1cs_B%C3%A9la_(labdar%C3%BAg%C3%B3,_1977)"
Kovács Elemér,Budapest,1890.06.30,http://hu.wikipedia.org/wiki/Kov%C3%A1cs_Elem%C3%A9r
Kovács Ervin,Bercel,1967.01.24,"http://hu.wikipedia.org/wiki/Kov%C3%A1cs_Ervin_(labdar%C3%BAg%C3%B3,_1967)"
Kovács Ferenc,Budapest,1934.01.07,"http://hu.wikipedia.org/wiki/Kov%C3%A1cs_Ferenc_(labdar%C3%BAg%C3%B3,_1934)"
Kovács Imre,Budapest,1921.11.26,"https://hu.wikipedia.org/wiki/Kovács_Imre_(labdarúgó,_1921)"
Kovács Imre Pál,Győr,1917.11.25,http://hu.wikipedia.org/wiki/Kov%C3%A1cs_Imre_P%C3%A1l
Kovács István,Szombathely,1992.03.27,"http://hu.wikipedia.org/wiki/Kov%C3%A1cs_Istv%C3%A1n_(labdar%C3%BAg%C3%B3,_1992)"
Kovács István,Salgótarján,1953.04.21,"http://hu.wikipedia.org/wiki/Kov%C3%A1cs_Istv%C3%A1n_(labdar%C3%BAg%C3%B3,_1953)"
Kovács János,Temesvár,1919.03.13,"http://hu.wikipedia.org/wiki/Kov%C3%A1cs_J%C3%A1nos_(labdar%C3%BAg%C3%B3,_1918)"
Kovács József,Balatonlelle,1949.04.08,"http://hu.wikipedia.org/wiki/Kov%C3%A1cs_J%C3%B3zsef_(labdar%C3%BAg%C3%B3,_1949)"
Kovács József,Veszprém,1966.07.31,"http://hu.wikipedia.org/wiki/Kov%C3%A1cs_J%C3%B3zsef_(labdar%C3%BAg%C3%B3,_1966)"
Kovács József,Budapest,1923.07.29,"http://hu.wikipedia.org/wiki/Kov%C3%A1cs_J%C3%B3zsef_(labdar%C3%BAg%C3%B3,_1923)"
Kovács Kálmán,Budapest,1965.09.11,"http://hu.wikipedia.org/wiki/Kov%C3%A1cs_K%C3%A1lm%C3%A1n_(labdar%C3%BAg%C3%B3,_1965)"
Kovács Lajos,Budapest,1894.04.27,"http://hu.wikipedia.org/wiki/Kov%C3%A1cs_Lajos_(labdar%C3%BAg%C3%B3,_1894)"
Kovács László,Tatabánya,1951.04.24,"http://hu.wikipedia.org/wiki/Kov%C3%A1cs_L%C3%A1szl%C3%B3_(labdar%C3%BAg%C3%B3,_1951)"
Kovács Miklós,Mehádia,1911.12.29,http://hu.wikipedia.org/wiki/Kov%C3%A1cs_Mikl%C3%B3s_(labdar%C3%BAg%C3%B3)
Kovács Péter,Salgótarján,1978.02.07,"http://hu.wikipedia.org/wiki/Kov%C3%A1cs_P%C3%A9ter_(labdar%C3%BAg%C3%B3,_1978)"
Kovács Zoltán,Budapest,1973.09.24,"http://hu.wikipedia.org/wiki/Kov%C3%A1cs_Zolt%C3%A1n_(labdar%C3%BAg%C3%B3,_1973)"
Kovácsik Ádám,Budapest,1991.04.04,https://hu.wikipedia.org/wiki/Kovácsik_Ádám
Kovácsy Béla,Nyíregyháza,1904.08.31,http://hu.wikipedia.org/wiki/Kov%C3%A1csy_B%C3%A9la_(labdar%C3%BAg%C3%B3)
Kozma István,Pásztó,1964.12.03,http://hu.wikipedia.org/wiki/Kozma_Istv%C3%A1n_(labdar%C3%BAg%C3%B3)
Kozma Mihály,Tápé,1949.09.01,http://hu.wikipedia.org/wiki/Kozma_Mih%C3%A1ly_(labdar%C3%BAg%C3%B3)
Krempels Béla,Budapest,1888.12.15,http://hu.wikipedia.org/wiki/Krempels_B%C3%A9la
Kripkó József,Miskolc,1901.03.01,http://hu.wikipedia.org/wiki/Kripk%C3%B3_J%C3%B3zsef
Kriston Attila,Budapest,1975.06.06,http://hu.wikipedia.org/wiki/Kriston_Attila
Kropacsek Ferenc,Budapest,1899.09.07,http://hu.wikipedia.org/wiki/Kropacsek_Ferenc
Kruczler István,Szombathely,1897.10.06,http://hu.wikipedia.org/wiki/Krutzler_J%C3%B3zsef
Kű Lajos,Székesfehérvár,1948.07.05,http://hu.wikipedia.org/wiki/K%C5%B1_Lajos
Kubala László,Budapest,1927.06.10,http://hu.wikipedia.org/wiki/Kubala_L%C3%A1szl%C3%B3
Kuharszki Béla,Budapest,1940.04.29,http://hu.wikipedia.org/wiki/Kuharszki_B%C3%A9la
Kürschner Izidor,Budapest,1885.03.23,https://hu.wikipedia.org/wiki/Kürschner_Izidor
Kutasi László,Kiskunfélegyháza,1949.07.29,http://hu.wikipedia.org/wiki/Kutasi_L%C3%A1szl%C3%B3
Kuti István,Budapest,1938.07.22,http://hu.wikipedia.org/wiki/Kuti_Istv%C3%A1n_(labdar%C3%BAg%C3%B3)
Kuti László,Székesfehérvár,1954.10.23,http://hu.wikipedia.org/wiki/Kuti_L%C3%A1szl%C3%B3_(labdar%C3%BAg%C3%B3)
Kuttor Attila,Miskolc,1970.05.29,http://hu.wikipedia.org/wiki/Kuttor_Attila
Kvasz János,Békéscsaba,1905.06.14,http://hu.wikipedia.org/wiki/K%C3%B6ves_J%C3%A1nos_(labdar%C3%BAg%C3%B3)
Kvaszta Lajos,Sajószentpéter,1959.05.25,http://hu.wikipedia.org/wiki/Kvaszta_Lajos
Laborcz Lajos,Cegléd,1920.08.19,http://hu.wikipedia.org/wiki/Laborcz_Lajos
Laczkó Zsolt,Szeged,1986.12.18,http://hu.wikipedia.org/wiki/Laczk%C3%B3_Zsolt
Lakat Károly dr.,Győr,1920.11.27,http://hu.wikipedia.org/wiki/Lakat_K%C3%A1roly
Lakatos Ferenc,Győr,1965.08.31,http://hu.wikipedia.org/wiki/Lakatos_Ferenc_(labdar%C3%BAg%C3%B3)
Lakinger Lajos,Ősi,1943.05.23,http://hu.wikipedia.org/wiki/Lakinger_Lajos
Lakos Pál,Kapuvár,1974.01.21,http://hu.wikipedia.org/wiki/Lakos_P%C3%A1l
Lang Ádám,Veszprém,1993.01.17,https://hu.wikipedia.org/wiki/Lang_Ádám
Lantos Mihály,Budapest,1928.09.29,http://hu.wikipedia.org/wiki/Lantos_Mih%C3%A1ly
Lázár Gyula,Füzesgyarmat,1911.01.24,http://hu.wikipedia.org/wiki/L%C3%A1z%C3%A1r_Gyula_(labdar%C3%BAg%C3%B3)
Lázár Pál,Debrecen,1988.03.11,http://hu.wikipedia.org/wiki/L%C3%A1z%C3%A1r_P%C3%A1l_(labdar%C3%BAg%C3%B3)
Lázok János,Elek,1984.10.04,http://hu.wikipedia.org/wiki/L%C3%A1zok_J%C3%A1nos_(labdar%C3%BAg%C3%B3)
Leandro de Almeida,Cornélio Procópio,1982.03.19,http://hu.wikipedia.org/wiki/Leandro_de_Almeida
Leitner Hermann,Frankfurt am Main,1901.12.02,http://hu.wikipedia.org/wiki/Leitner_Hermann
Lendvai Miklós,Zalaegerszeg,1975.04.07,http://hu.wikipedia.org/wiki/Lendvai_Mikl%C3%B3s
Lenkei Sándor,Újpest,1936.11.09,http://hu.wikipedia.org/wiki/Lenkei_S%C3%A1ndor
Lhottka Ferenc,?,1896,http://hu.wikipedia.org/wiki/Lhottka_Ferenc
Ligeti Jenő,Budapest,1905.08.14,http://hu.wikipedia.org/wiki/Ligeti_Jen%C5%91
Limperger Zsolt,Pápa,1968.09.13,http://hu.wikipedia.org/wiki/Limperger_Zsolt
Lipcsei Péter,Kazincbarcika,1972.03.28,http://hu.wikipedia.org/wiki/Lipcsei_P%C3%A9ter
Lipták Zoltán,Salgótarján,1984.12.10,http://hu.wikipedia.org/wiki/Lipt%C3%A1k_Zolt%C3%A1n
Lisztes Krisztián,Budapest,1976.07.02,http://hu.wikipedia.org/wiki/Lisztes_Kriszti%C3%A1n
Lóránt Gyula,Kőszeg,1923.02.06,http://hu.wikipedia.org/wiki/L%C3%B3r%C3%A1nt_Gyula
Lőrincz Emil,Budapest,1965.09.29,"http://hu.wikipedia.org/wiki/L%C5%91rincz_Emil_(labdar%C3%BAg%C3%B3,_1965)"
Lovász Ferenc,Komló,1967.01.24,http://hu.wikipedia.org/wiki/Lov%C3%A1sz_Ferenc
Lovrencsics Gergő,Szolnok,1988.09.01,http://hu.wikipedia.org/wiki/Lovrencsics_Gerg%C5%91
Lőw Zsolt,Budapest,1979.04.29,http://hu.wikipedia.org/wiki/L%C5%91w_Zsolt
Ludvig Bertalan,Budapest,1891.03.08,http://hu.wikipedia.org/wiki/Ludwig_B%C3%A9la
Lukács Sándor,Budapest,1951.09.20,http://hu.wikipedia.org/wiki/Luk%C3%A1cs_S%C3%A1ndor_(labdar%C3%BAg%C3%B3)
Lutz Lajos,Újpest,1900.07.19,http://hu.wikipedia.org/wiki/Lutz_Lajos
Lyka Antal,Budapest,1908.05.29,http://hu.wikipedia.org/wiki/Lyka_Antal
Machos Ferenc,Tatabánya,1932.06.30,http://hu.wikipedia.org/wiki/Machos_Ferenc
Madar Csaba,Püspökladány,1974.10.08,http://hu.wikipedia.org/wiki/Madar_Csaba
Magda Béla,Budapest,1911.07.07,http://hu.wikipedia.org/wiki/Magda_B%C3%A9la
Magyar Ferenc,?,1905,http://hu.wikipedia.org/wiki/Magyar_Ferenc_(labdar%C3%BAg%C3%B3)
Magyar István,Tiszapüspöki,1955.08.04,http://hu.wikipedia.org/wiki/Magyar_Istv%C3%A1n_(labdar%C3%BAg%C3%B3)
Májer Lajos,Sárbogárd,1956.08.24,http://hu.wikipedia.org/wiki/M%C3%A1jer_Lajos
Majoros Árpád,Szolnok,1983.12.21,http://hu.wikipedia.org/wiki/Majoros_%C3%81rp%C3%A1d
Mándi Gyula,Budapest,1899.07.14,http://hu.wikipedia.org/wiki/M%C3%A1ndi_Gyula
Mandl Frigyes,Kiszető,1888.08.28,http://hu.wikipedia.org/wiki/Mandl_Frigyes
Manglitz Ferenc,?,1883.07.28,http://hu.wikipedia.org/wiki/Manglitz_Ferenc
Máriási Zsolt,Ózd,1967.10.14,http://hu.wikipedia.org/wiki/M%C3%A1ri%C3%A1si_Zsolt
Marik György,Békéscsaba,1924.04.04,http://hu.wikipedia.org/wiki/Marik_Gy%C3%B6rgy
Markos Imre,Kispest,1908.06.09,http://hu.wikipedia.org/wiki/Markos_Imre
Márkvárt Dávid,Szekszárd,1994.09.20,https://hu.wikipedia.org/wiki/Márkvárt_Dávid
Marosvári Béla,Kovászi,1919.04.07,http://hu.wikipedia.org/wiki/Marosv%C3%A1ri_B%C3%A9la
Marozsán János,Újfehértó,1965.05.13,http://hu.wikipedia.org/wiki/Marozs%C3%A1n_J%C3%A1nos
Márton Gábor,Pécs,1966.10.15,http://hu.wikipedia.org/wiki/M%C3%A1rton_G%C3%A1bor_(labdar%C3%BAg%C3%B3)
Martos Győző,Budapest,1949.12.15,http://hu.wikipedia.org/wiki/Martos_Gy%C5%91z%C5%91
Máté János,Bonyhád,1948.12.23,"http://hu.wikipedia.org/wiki/M%C3%A1t%C3%A9_J%C3%A1nos_(labdar%C3%BAg%C3%B3,_1948)"
Mathesz Imre,Budapest,1937.03.25,http://hu.wikipedia.org/wiki/Mathesz_Imre
Mátrai Sándor,Nagyszénás,1932.11.20,http://hu.wikipedia.org/wiki/M%C3%A1trai_S%C3%A1ndor
Mátyus János,Győr,1974.12.20,http://hu.wikipedia.org/wiki/M%C3%A1tyus_J%C3%A1nos
Medgyessy Iván,Balogfala,1884.06.08,http://hu.wikipedia.org/wiki/Medgyessy_Iv%C3%A1n
Megyeri Balázs,Budapest,1990.03.31,http://hu.wikipedia.org/wiki/Megyeri_Bal%C3%A1zs
Megyesi István,Csanytelek,1949.03.31,http://hu.wikipedia.org/wiki/Megyesi_Istv%C3%A1n
Mészáros Árpád,Budapest,1890.07.19,http://hu.wikipedia.org/wiki/M%C3%A9sz%C3%A1ros_%C3%81rp%C3%A1d_(labdar%C3%BAg%C3%B3)
Mészáros Ferenc,Szekszárd,1963.07.06,"http://hu.wikipedia.org/wiki/M%C3%A9sz%C3%A1ros_Ferenc_(labdar%C3%BAg%C3%B3,_1963)"
Mészáros Ferenc,Muzsla,1919.05.05,"http://hu.wikipedia.org/wiki/M%C3%A9sz%C3%A1ros_Ferenc_(labdar%C3%BAg%C3%B3,_1919)"
Mészáros Ferenc,Budapest,1950.04.11,"http://hu.wikipedia.org/wiki/M%C3%A9sz%C3%A1ros_Ferenc_(labdar%C3%BAg%C3%B3,_1950)"
Mészáros István,Gyöngyösszőlős,1899.02.04,"https://hu.wikipedia.org/wiki/M%C3%A9sz%C3%A1ros_Istv%C3%A1n_(labdar%C3%BAg%C3%B3,_1899)"
Mészáros József,Pestszenterzsébet,1923.01.16,http://hu.wikipedia.org/wiki/M%C3%A9sz%C3%A1ros_J%C3%B3zsef_(labdar%C3%BAg%C3%B3)
Mészáros Norbert,Pápa,1980.08.19,http://hu.wikipedia.org/wiki/M%C3%A9sz%C3%A1ros_Norbert
Mészöly Géza,Budapest,1967.02.25,http://hu.wikipedia.org/wiki/M%C3%A9sz%C3%B6ly_G%C3%A9za_(labdar%C3%BAg%C3%B3)
Mészöly Kálmán,Budapest,1941.07.16,http://hu.wikipedia.org/wiki/M%C3%A9sz%C3%B6ly_K%C3%A1lm%C3%A1n
Mike István,Budatétény,1924.07.06,http://hu.wikipedia.org/wiki/Mike_Istv%C3%A1n_(labdar%C3%BAg%C3%B3)
Mikes Károly,Kispest,1913.10.20,http://hu.wikipedia.org/wiki/Monostori_K%C3%A1roly_(labdar%C3%BAg%C3%B3)
Miklósi István,Fiume,1909.12.13,http://hu.wikipedia.org/wiki/Mikl%C3%B3si_Istv%C3%A1n
Minder Frigyes,Budapest,1880.11.28,http://hu.wikipedia.org/wiki/Minder_Frigyes
Miriuta László,Nagybánya,1968.09.19,http://hu.wikipedia.org/wiki/Vasile_Miriu%C5%A3%C4%83
Mocsi Attila,Lakszakállas,2000.05.29,
Moldván Miklós,Budapest,1954.10.03,http://hu.wikipedia.org/wiki/Moldv%C3%A1n_Mikl%C3%B3s
Molnár Balázs,Zalaegerszeg,1977.07.01,http://hu.wikipedia.org/wiki/Moln%C3%A1r_Bal%C3%A1zs
Molnár Dezső,Magyarlak,1939.12.12,http://hu.wikipedia.org/wiki/Moln%C3%A1r_Dezs%C5%91
Molnár Ferenc,Budapest,1884.11.28,"http://hu.wikipedia.org/wiki/Moln%C3%A1r_Ferenc_(labdar%C3%BAg%C3%B3,_1885)"
Molnár György,Budapest,1901.02.12,http://hu.wikipedia.org/wiki/Moln%C3%A1r_Gy%C3%B6rgy_(labdar%C3%BAg%C3%B3)
Molnár Imre,Budapest,1885.10.30,http://hu.wikipedia.org/wiki/Moln%C3%A1r_Imre_(labdar%C3%BAg%C3%B3)
Molnár János,Budapest,1931.05.14,http://hu.wikipedia.org/wiki/Moln%C3%A1r_J%C3%A1nos_(labdar%C3%BAg%C3%B3)
Molnár Ödön,Budapest,1891.03.25,http://hu.wikipedia.org/wiki/Moln%C3%A1r_%C3%96d%C3%B6n
Mónos Tamás,Simontornya,1968.01.03,http://hu.wikipedia.org/wiki/M%C3%B3nos_Tam%C3%A1s
Monostori Tivadar,Felsőgalla,1936.08.24,http://hu.wikipedia.org/wiki/Monostori_Tivadar
Móré János,Debrecen,1910.06.20,http://hu.wikipedia.org/wiki/M%C3%B3r%C3%A9_J%C3%A1nos
Mracskó Mihály,Mezőhegyes,1968.06.13,http://hu.wikipedia.org/wiki/Mracsk%C3%B3_Mih%C3%A1ly
Mucha József,Máza,1951.10.25,http://hu.wikipedia.org/wiki/Mucha_J%C3%B3zsef
Müller Ferenc,Budapest,1901,https://hu.wikipedia.org/wiki/M%C3%BCller_Ferenc_(labdar%C3%BAg%C3%B3)
Müller József,Zalaszentgrót,1884.12.20,http://hu.wikipedia.org/wiki/M%C3%BCller_J%C3%B3zsef
Müller Sándor,Budapest,1948.09.21,http://hu.wikipedia.org/wiki/M%C3%BCller_S%C3%A1ndor_(labdar%C3%BAg%C3%B3)
Nádler Henrik,Budapest,1901.03.19,http://hu.wikipedia.org/wiki/N%C3%A1dler_Henrik
Nagy Ádám,Budapest,1995.06.17,https://hu.wikipedia.org/wiki/Nagy_Ádám_(labdarúgó)
Nagy András,Vulkán,1920.10.06,http://hu.wikipedia.org/wiki/Nagy_Andr%C3%A1s_(labdar%C3%BAg%C3%B3)
Nagy Antal,Nagyhalász,1956.10.17,"http://hu.wikipedia.org/wiki/Nagy_Antal_(labdar%C3%BAg%C3%B3,_1956)"
Nagy Antal,Budapest,1944.05.16,"http://hu.wikipedia.org/wiki/Nagy_Antal_(labdar%C3%BAg%C3%B3,_1944)"
Nagy Antal,?,1913.03.19,"http://hu.wikipedia.org/wiki/Nagy_Antal_(labdar%C3%BAg%C3%B3,_1912)"
Nagy Dániel,Gödöllő,1991.03.15,"https://hu.wikipedia.org/wiki/Nagy_Dániel_(labdarúgó,_1991)"
Nagy Dominik,Bóly,1995.05.08,http://hu.wikipedia.org/wiki/Nagy_Dominik
Nagy Ferenc,Rákosszentmihály,1884.02.21,"http://hu.wikipedia.org/wiki/Nagy_Ferenc_(labdar%C3%BAg%C3%B3,_1884)"
Nagy Gábor,Szombathely,1985.10.16,"http://hu.wikipedia.org/wiki/Nagy_G%C3%A1bor_(labdar%C3%BAg%C3%B3,_1985)"
Nagy II. János,Debrecen,1947.11.23,"http://hu.wikipedia.org/wiki/Nagy_J%C3%A1nos_(labdar%C3%BAg%C3%B3,_1947)"
Nagy III. János,Székesfehérvár,1950.08.03,"http://hu.wikipedia.org/wiki/Nagy_J%C3%A1nos_(labdar%C3%BAg%C3%B3,_1950)"
Nagy István,Budapest,1922.03.04,"http://hu.wikipedia.org/wiki/Nagy_Istv%C3%A1n_(labdar%C3%BAg%C3%B3,_1922)"
Nagy István,Budapest,1939.04.14,"http://hu.wikipedia.org/wiki/Nagy_Istv%C3%A1n_(labdar%C3%BAg%C3%B3,_1939)"
Nagy János,Budapest,1903,"http://hu.wikipedia.org/wiki/Nagy_J%C3%A1nos_(labdar%C3%BAg%C3%B3,_1903)"
Nagy József,Nádasd,1960.10.21,"http://hu.wikipedia.org/wiki/Nagy_J%C3%B3zsef_(labdar%C3%BAg%C3%B3,_1960)"
Nagy László,Buzsák,1949.10.21,http://hu.wikipedia.org/wiki/Nagy_L%C3%A1szl%C3%B3_(labdar%C3%BAg%C3%B3)
Nagy Norbert,Hajdúnánás,1969.06.28,http://hu.wikipedia.org/wiki/Nagy_Norbert
Nagy Tamás,Budapest,1976.06.06,"http://hu.wikipedia.org/wiki/Nagy_Tam%C3%A1s_(labdar%C3%BAg%C3%B3,_1976)"
Nagy Tibor,Budapest,1962.09.24,"http://hu.wikipedia.org/wiki/Nagy_Tibor_(labdar%C3%BAg%C3%B3,_1962)"
Nagy Zsolt,Székesfehérvár,1993.05.25,"https://hu.wikipedia.org/wiki/Nagy_Zsolt_(labdarúgó,_1993)"
Nagymarosi Mihály,Nagymaros,1919.10.06,http://hu.wikipedia.org/wiki/Nagymarosi_Mih%C3%A1ly
Nego Loïc,Párizs,1991.01.15,https://en.wikipedia.org/wiki/Loïc_Nego
Nemes István,Budapest,1906.11.30,"http://hu.wikipedia.org/wiki/Nemes_Istv%C3%A1n_(labdar%C3%BAg%C3%B3,_1905)"
Nemes József,Erzsébetfalva,1911.09.24,http://hu.wikipedia.org/wiki/Nemes_J%C3%B3zsef_(labdar%C3%BAg%C3%B3)
Nemes Sándor,Tótkeszi?,1899.09.25,http://hu.wikipedia.org/wiki/Nemes_S%C3%A1ndor
Németh András,Fokváros,2002.11.09,
Németh Antal,Budapest,1919.05.19,http://hu.wikipedia.org/wiki/N%C3%A9meth_Antal_(labdar%C3%BAg%C3%B3)
Németh Krisztián,Győr,1989.01.05,"https://hu.wikipedia.org/wiki/Németh_Krisztián_(labdarúgó,_1989)"
Németh Norbert,Budapest,1981.05.05,"http://hu.wikipedia.org/wiki/N%C3%A9meth_Norbert_(labdar%C3%BAg%C3%B3,_1981)"
Neuhaus János,Újpest,1901.03.24,http://hu.wikipedia.org/wiki/Neuhaus_J%C3%A1nos
Niessner Aladár,Doborján,1883.01.22,http://hu.wikipedia.org/wiki/Niessner_Alad%C3%A1r
Nikolics Nemanja,Zenta,1987.12.31,"http://hu.wikipedia.org/wiki/Nemanja_Nikoli%C4%87_(labdar%C3%BAg%C3%B3,_1987)"
Nikolov Balázs,Bonyhád,1977.07.04,http://hu.wikipedia.org/wiki/Nikolov_Bal%C3%A1zs
Nikolsburger Rezső,Székesfehérvár,1899.03.21,http://hu.wikipedia.org/wiki/Nikolsburger_Rezs%C5%91
Nirnsee Gyula,Pozsony,1883.11.15,http://hu.wikipedia.org/wiki/Nirnsee_Gyula
Nógrádi Ferenc,Kassa,1940.11.15,http://hu.wikipedia.org/wiki/N%C3%B3gr%C3%A1di_Ferenc
Noskó Ernő,Cserhátszentiván,1945.05.26,http://hu.wikipedia.org/wiki/Nosk%C3%B3_Ern%C5%91
Novák Dezső,Ják,1939.02.03,http://hu.wikipedia.org/wiki/Nov%C3%A1k_Dezs%C5%91
Nyers István,Freyming-Merlebach,1924.03.25,http://hu.wikipedia.org/wiki/Nyers_Istv%C3%A1n
Nyilas Elek,Budapest,1969.05.03,http://hu.wikipedia.org/wiki/Nyilas_Elek
Nyilas Ferenc János,Budapest,1892.01.10,http://hu.wikipedia.org/wiki/Nyilas_Istv%C3%A1n_(labdar%C3%BAg%C3%B3)
Nyilasi Tibor,Várpalota,1955.01.18,http://hu.wikipedia.org/wiki/Nyilasi_Tibor
Nyúl Ferenc,Dévaványa,1894.05.22,http://hu.wikipedia.org/wiki/Ny%C3%BAl_Ferenc
Nyúl Vilmos,?,1901.11.13,http://hu.wikipedia.org/wiki/Ny%C3%BAl_Vilmos
Obitz Gábor,Budapest,1899.01.18,http://hu.wikipedia.org/wiki/Obitz_G%C3%A1bor
Oláh Géza,Salgótarján,1925.10.01,http://hu.wikipedia.org/wiki/Ol%C3%A1h_G%C3%A9za
Oláh Károly,Bród,1884.09.15,"https://hu.wikipedia.org/wiki/Oláh_Károly_(labdarúgó,_1884)"
Olajkár Károly,Kispest,1917.01.16,http://hu.wikipedia.org/wiki/Olajk%C3%A1r_K%C3%A1roly
Olajkár Sándor,Kispest,1918.12.03,http://hu.wikipedia.org/wiki/Olajk%C3%A1r_S%C3%A1ndor
Ónody Andor,Krasznokvajda,1920.08.03,http://hu.wikipedia.org/wiki/%C3%93nody_Andor
Opata Zoltán,Budapest,1900.09.24,http://hu.wikipedia.org/wiki/Opata_Zolt%C3%A1n
Orbán Willi,Kaiserslautern,1992.11.03,https://hu.wikipedia.org/wiki/Willi_Orban
Ordódy Béla,Budapest,1880.01.13,http://hu.wikipedia.org/wiki/Ord%C3%B3dy_B%C3%A9la
Orosz Ferenc,Budapest,1969.10.11,http://hu.wikipedia.org/wiki/Orosz_Ferenc_(labdar%C3%BAg%C3%B3)
Orosz Péter,Budapest,1981.08.19,http://hu.wikipedia.org/wiki/Orosz_P%C3%A9ter
Orth György,Budapest,1901.04.30,http://hu.wikipedia.org/wiki/Orth_Gy%C3%B6rgy
Otigba Kenneth,Kaduna,1992.08.29,https://hu.wikipedia.org/wiki/Otigba_Kenneth
P. Szabó Gábor,Újpest,1902.10.14,http://hu.wikipedia.org/wiki/P._Szab%C3%B3_G%C3%A1bor
Pákozdi László,?,1916.06.30,http://hu.wikipedia.org/wiki/P%C3%A1kozdi_L%C3%A1szl%C3%B3_(labdar%C3%BAg%C3%B3)
Pál József,Szolnok,1950.11.29,http://hu.wikipedia.org/wiki/P%C3%A1l_J%C3%B3zsef_(labdar%C3%BAg%C3%B3)
Pál Tibor,Budapest,1935.09.15,http://hu.wikipedia.org/wiki/P%C3%A1l_Tibor
Palaczky János,Pécs,1968.08.30,http://hu.wikipedia.org/wiki/Palaczky_J%C3%A1nos
Páling Zsolt,Budapest,1969.02.26,http://hu.wikipedia.org/wiki/P%C3%A1ling_Zsolt
Pálinkás József,Kistelek,1912.03.10,http://hu.wikipedia.org/wiki/P%C3%A1link%C3%A1s_J%C3%B3zsef_(labdar%C3%BAg%C3%B3)
Palotai János,Békéscsaba,1928.01.23,http://hu.wikipedia.org/wiki/Palotai_J%C3%A1nos_(labdar%C3%BAg%C3%B3)
Palotás István,Budapest,1908.03.05,http://hu.wikipedia.org/wiki/Palot%C3%A1s_Istv%C3%A1n
Palotás Péter,Budapest,1929.06.27,http://hu.wikipedia.org/wiki/Palot%C3%A1s_P%C3%A9ter
Páncsics Miklós,Gara,1944.02.04,http://hu.wikipedia.org/wiki/P%C3%A1ncsics_Mikl%C3%B3s
Papp Lajos László,Budapest,1906.11.22,http://hu.wikipedia.org/wiki/Papp_Lajos_L%C3%A1szl%C3%B3
Paróczai Sándor,Békéscsaba,1955.12.06,http://hu.wikipedia.org/wiki/Par%C3%B3czai_S%C3%A1ndor
Pásztor József,Vencsellő,1954.03.20,http://hu.wikipedia.org/wiki/P%C3%A1sztor_J%C3%B3zsef_(labdar%C3%BAg%C3%B3)
Pataki Mihály,Budapest,1893.12.07,http://hu.wikipedia.org/wiki/Pataki_Mih%C3%A1ly
Pátkai Máté,Budapest,1988.03.06,http://hu.wikipedia.org/wiki/P%C3%A1tkai_M%C3%A1t%C3%A9
Patkoló Rezső,Budapest,1922.10.13,http://hu.wikipedia.org/wiki/Patkol%C3%B3_Rezs%C5%91
Paulusz Nándor,Újpest,1899.10.15,http://hu.wikipedia.org/wiki/Paulusz_N%C3%A1ndor
Payer Imre,Sopronkövesd,1888.06.01,http://hu.wikipedia.org/wiki/Payer_Imre_(labdar%C3%BAg%C3%B3)
Pázmándy Sándor,Vecsés,1912.03.16,http://hu.wikipedia.org/wiki/P%C3%A1zm%C3%A1ndy_S%C3%A1ndor
Peics Sándor,Pécs,1899.10.10,http://hu.wikipedia.org/wiki/Peics_S%C3%A1ndor
Pénzes Mihály,Sopron,1950.07.30,http://hu.wikipedia.org/wiki/P%C3%A9nzes_Mih%C3%A1ly
Perényi József,Temesvár,1921.07.02,http://hu.wikipedia.org/wiki/Pecsovszky_J%C3%B3zsef
Pesovnik László,Miskolc,1902.03.11,http://hu.wikipedia.org/wiki/Pesovnik_L%C3%A1szl%C3%B3
Pest Krisztián,Mohács,1975.05.07,http://hu.wikipedia.org/wiki/Pest_Kriszti%C3%A1n
Péter József,Újpest,1904.01.10,http://hu.wikipedia.org/wiki/P%C3%A9ter_J%C3%B3zsef_(labdar%C3%BAg%C3%B3)
Péter Zoltán,Zalaistvánd,1958.03.23,http://hu.wikipedia.org/wiki/P%C3%A9ter_Zolt%C3%A1n
Pető Tamás,Ajka,1974.06.08,http://hu.wikipedia.org/wiki/Pet%C5%91_Tam%C3%A1s
Pető Zoltán,Szolnok,1974.09.19,http://hu.wikipedia.org/wiki/Pet%C5%91_Zolt%C3%A1n
Petres Tamás,Székesfehérvár,1968.09.03,http://hu.wikipedia.org/wiki/Petres_Tam%C3%A1s
Petry Zsolt,Budapest,1966.09.23,http://hu.wikipedia.org/wiki/Petry_Zsolt
Pintér Ádám,Balassagyarmat,1988.06.12,http://hu.wikipedia.org/wiki/Pint%C3%A9r_%C3%81d%C3%A1m
Pintér Attila,Salgótarján,1966.05.07,"http://hu.wikipedia.org/wiki/Pint%C3%A9r_Attila_(labdar%C3%BAg%C3%B3,_1966)"
Pintér József,Szigetújfalu,1917.09.08,http://hu.wikipedia.org/wiki/Pint%C3%A9r_J%C3%B3zsef_(labdar%C3%BAg%C3%B3)
Pintér Sándor,Pomáz,1950.07.18,http://hu.wikipedia.org/wiki/Pint%C3%A9r_S%C3%A1ndor_(labdar%C3%BAg%C3%B3)
Pintér Zoltán,Budapest,1977.11.23,http://hu.wikipedia.org/wiki/Pint%C3%A9r_Zolt%C3%A1n
Pipa István,Budapest,1899.11.17,http://hu.wikipedia.org/wiki/Pipa_Istv%C3%A1n
Pisont István,Orosháza,1970.05.16,http://hu.wikipedia.org/wiki/Pisont_Istv%C3%A1n
Plattkó Ferenc,Budapest,1898.12.02,http://hu.wikipedia.org/wiki/Plattk%C3%B3_Ferenc
Plókai Attila,Debrecen,1969.07.17,http://hu.wikipedia.org/wiki/Pl%C3%B3kai_Attila
Plotár Gyula,Kurityán,1961.05.14,http://hu.wikipedia.org/wiki/Plot%C3%A1r_Gyula
Pluhár István,Tatatóváros,1893.12.10,http://hu.wikipedia.org/wiki/Pluh%C3%A1r_Istv%C3%A1n
Póczik József,Győr,1953.07.21,http://hu.wikipedia.org/wiki/P%C3%B3czik_J%C3%B3zsef
Pokorny József,Budapest,1882.07.13,http://hu.wikipedia.org/wiki/Pokorny_J%C3%B3zsef
Polgár Gyula,Kistelek,1912.02.08,http://hu.wikipedia.org/wiki/Polg%C3%A1r_Gyula
Pollák Zoltán,Budapest,1984.01.13,http://hu.wikipedia.org/wiki/Poll%C3%A1k_Zolt%C3%A1n
Polonkai Attila,Budapest,1979.06.12,http://hu.wikipedia.org/wiki/Polonkai_Attila
Pölöskei Gábor,Mosonmagyaróvár,1960.10.11,http://hu.wikipedia.org/wiki/Pölöskei_Gábor
Poór Patrik,Győr,1993.11.15,http://hu.wikipedia.org/wiki/Poór_Patrik_Péter
Pósa Béla,Nagytétény,1914.06.25,http://hu.wikipedia.org/wiki/P%C3%B3sa_B%C3%A9la
Posza Zsolt,Lengyeltóti,1977.05.11,http://hu.wikipedia.org/wiki/Posza_Zsolt
Pótz-Nagy Árpád,Budapest,1893.11.17,http://hu.wikipedia.org/wiki/P%C3%B3tz-Nagy_%C3%81rp%C3%A1d
Pozsonyi Imre,Kisbér,1882.02.26,http://hu.wikipedia.org/wiki/Pozsonyi_Imre
Preisinger Sándor,Zalaegerszeg,1973.12.11,http://hu.wikipedia.org/wiki/Preisinger_S%C3%A1ndor
Prém Móric,Ugod,1899.03.10,http://hu.wikipedia.org/wiki/Pr%C3%A9m_M%C3%B3ric
Preszeller Tamás,Mosonmagyaróvár,1958.08.24,http://hu.wikipedia.org/wiki/Preszeller_Tam%C3%A1s
Priboj István,Újpest,1894.05.02,http://hu.wikipedia.org/wiki/Priboj_Istv%C3%A1n
Priskin Tamás,Komárom,1986.09.27,http://hu.wikipedia.org/wiki/Priskin_Tam%C3%A1s
Pruha Antal,Budapest,1897.12.16,http://hu.wikipedia.org/wiki/Pruha_Antal
Puglits Gábor,Budapest,1967.12.26,http://hu.wikipedia.org/wiki/Puglits_G%C3%A1bor
Puskás Ferenc,Budapest,1927.04.01,http://hu.wikipedia.org/wiki/Puskás_Ferenc
Puskás Lajos,Tetétlen,1944.08.13,http://hu.wikipedia.org/wiki/Pusk%C3%A1s_Lajos_(labdar%C3%BAg%C3%B3)
Pusztai Ferenc,Budapest,1910.12.06,http://hu.wikipedia.org/wiki/Pusztai_Ferenc_(labdar%C3%BAg%C3%B3)
Pusztai László,Szentes,1946.03.01,http://hu.wikipedia.org/wiki/Pusztai_László_(labdarúgó)
Rab Tibor,Gödöllő,1955.10.02,http://hu.wikipedia.org/wiki/Rab_Tibor
Rabóczki Balázs,Budapest,1978.01.09,http://hu.wikipedia.org/wiki/Rab%C3%B3czki_Bal%C3%A1zs
Rácz Béla,?,1893.09.14,https://hu.wikipedia.org/wiki/Rácz_Béla_(labdarúgó)
Rácz Győző,Budapest,1892.07.28,http://hu.wikipedia.org/wiki/R%C3%A1cz_Gy%C5%91z%C5%91_(labdar%C3%BAg%C3%B3)
Raduly József,Budapest,1927.05.06,http://hu.wikipedia.org/wiki/Raduly_J%C3%B3zsef
Raix Gusztáv,Budapest,1903.06.01,http://hu.wikipedia.org/wiki/Raix_Guszt%C3%A1v
Rajczi Péter,Lengyeltóti,1981.04.03,http://hu.wikipedia.org/wiki/Rajczi_P%C3%A9ter
Rajna Károly,Budapest,1934.03.27,http://hu.wikipedia.org/wiki/Rajna_K%C3%A1roly
Rákóczi László,Budapest,1926.02.23,http://hu.wikipedia.org/wiki/R%C3%A1k%C3%B3czi_L%C3%A1szl%C3%B3_(labdar%C3%BAg%C3%B3)
Rákosi Ferenc,Csepel,1921.01.29,http://hu.wikipedia.org/wiki/R%C3%A1kosi_Ferenc_(labdar%C3%BAg%C3%B3)
Rákosi Gyula,Budapest,1938.10.09,http://hu.wikipedia.org/wiki/R%C3%A1kosi_Gyula
Rapp Imre,Dunaföldvár,1937.09.15,http://hu.wikipedia.org/wiki/Rapp_Imre
Rauchmaul Emil,Budapest,1891.04.19,http://hu.wikipedia.org/wiki/Rauchmaul_Emil
Rázsó Izidor,?,1896.12.27,http://hu.wikipedia.org/wiki/R%C3%A1zs%C3%B3_Izidor
Rebró Béla,Budapest,1901.01.20,http://hu.wikipedia.org/wiki/Rebr%C3%B3_B%C3%A9la
Regedei Csaba,Oroszlány,1983.01.16,http://hu.wikipedia.org/wiki/Regedei_Csaba
Reiner István,Szabadka,1897.12.26,http://hu.wikipedia.org/wiki/Reiner_Istv%C3%A1n
Rémay Gyula,Torrington,1901.10.03,http://hu.wikipedia.org/wiki/R%C3%A9may_Gyula
Rémay János,Stanferd,1903.01.01,http://hu.wikipedia.org/wiki/R%C3%A9may_J%C3%A1nos
Remete Imre,?,1904,http://hu.wikipedia.org/wiki/Remete_Imre
Répási László,Budapest,1966.03.23,http://hu.wikipedia.org/wiki/R%C3%A9p%C3%A1si_L%C3%A1szl%C3%B3
Révész Béla,Értarcsa,1886.02.09,http://hu.wikipedia.org/wiki/R%C3%A9v%C3%A9sz_B%C3%A9la_(labdar%C3%BAg%C3%B3)
Rodenbücher István,Szekszárd,1984.02.22,http://hu.wikipedia.org/wiki/Rodenb%C3%BCcher_Istv%C3%A1n
Rökk Ede,Cinkota,1911.09.01,http://hu.wikipedia.org/wiki/R%C3%B6kk_Ede
Rokken Imre,?,1903,http://hu.wikipedia.org/wiki/Rokken_Imre
Rónay Zoltán,?,1890,http://hu.wikipedia.org/wiki/R%C3%B3nay_Zolt%C3%A1n
Rósa Dénes,Budapest,1977.04.07,http://hu.wikipedia.org/wiki/R%C3%B3sa_D%C3%A9nes
Rósa Henrik,Budapest,1974.06.15,http://hu.wikipedia.org/wiki/R%C3%B3sa_Henrik
Rostás Sándor,Jászjákóhalma,1962.01.21,http://hu.wikipedia.org/wiki/Rost%C3%A1s_S%C3%A1ndor
Róth Antal,Komló,1960.09.14,http://hu.wikipedia.org/wiki/R%C3%B3th_Antal
Rothermel Ádám,Budapest,1948.06.14,http://hu.wikipedia.org/wiki/Rothermel_%C3%81d%C3%A1m
Rózsa Dániel,Szombathely,1984.11.24,http://hu.wikipedia.org/wiki/R%C3%B3zsa_D%C3%A1niel
Rudas Ferenc,Budapest,1921.07.06,http://hu.wikipedia.org/wiki/Rudas_Ferenc
Rudolf Gergely,Nyíregyháza,1985.03.09,http://hu.wikipedia.org/wiki/Rudolf_Gergely
Rugovics Vendel,Győr,1967.08.13,http://hu.wikipedia.org/wiki/Rugovics_Vendel
Rumbold Gyula,Budapest,1887.12.06,http://hu.wikipedia.org/wiki/Rumbold_Gyula
Ruzsa Sándor,?,1920.03.09,https://hu.wikipedia.org/wiki/Ruzsa_Sándor
Sáfár Szabolcs,Budapest,1974.08.20,http://hu.wikipedia.org/wiki/S%C3%A1f%C3%A1r_Szabolcs
Salamon József,Miskolc,1948.10.23,http://hu.wikipedia.org/wiki/Salamon_J%C3%B3zsef
Salamon Miklós,Dunaújváros,1974.11.30,http://hu.wikipedia.org/wiki/Salamon_Mikl%C3%B3s_(labdar%C3%BAg%C3%B3)
Sallai Roland,Budapest,1997.05.22,https://hu.wikipedia.org/wiki/Sallai_Roland
Sallai Sándor,Debrecen,1960.03.26,http://hu.wikipedia.org/wiki/Sallai_S%C3%A1ndor
Sallói Dániel,Siófok,1996.07.19,https://hu.wikipedia.org/wiki/Sallói_Dániel
Sallói István,Oroszlány,1966.09.26,"http://hu.wikipedia.org/wiki/Sall%C3%B3i_Istv%C3%A1n_(labdar%C3%BAg%C3%B3,_1966)"
Samus Lajos,Budapest,1928.07.04,http://hu.wikipedia.org/wiki/Samus_Lajos
Sándor György,Ungvár,1984.03.20,http://hu.wikipedia.org/wiki/S%C3%A1ndor_Gy%C3%B6rgy_(labdar%C3%BAg%C3%B3)
Sándor József,Budapest,1900.10.18,http://hu.wikipedia.org/wiki/S%C3%A1ndor_J%C3%B3zsef_(labdar%C3%BAg%C3%B3)
Sándor Károly,Szeged,1928.11.26,http://hu.wikipedia.org/wiki/S%C3%A1ndor_K%C3%A1roly_(labdar%C3%BAg%C3%B3)
Sándor Tamás,Debrecen,1974.06.20,http://hu.wikipedia.org/wiki/S%C3%A1ndor_Tam%C3%A1s
Sárközy Sándor,Budapest,1887.12.13,http://hu.wikipedia.org/wiki/S%C3%A1rk%C3%B6zy_S%C3%A1ndor_(labdar%C3%BAg%C3%B3)
Sáros Miklós,Szarvas,1906.11.07,http://hu.wikipedia.org/wiki/S%C3%A1ros_Mikl%C3%B3s
Sárosi Béla,Budapest,1919.07.15,http://hu.wikipedia.org/wiki/S%C3%A1rosi_B%C3%A9la
Sárosi György,Budapest,1912.09.16,http://hu.wikipedia.org/wiki/S%C3%A1rosi_Gy%C3%B6rgy
Sárosi László,Budapest,1932.02.27,http://hu.wikipedia.org/wiki/S%C3%A1rosi_L%C3%A1szl%C3%B3_(labdar%C3%BAg%C3%B3)
Sárvári Ferenc,Nagyvárad,1916.07.10,http://hu.wikipedia.org/wiki/Spielmann_Ferenc
Sas Ferenc,Devecser,1915.08.16,http://hu.wikipedia.org/wiki/Sas_Ferenc
Sass János,Eger,1966.01.17,http://hu.wikipedia.org/wiki/Sass_J%C3%A1nos
Schaár Izidor,?,1886.08.01,http://hu.wikipedia.org/wiki/Schaar_Izidor
Schäfer András,Szombathely,1999.04.13,https://hu.wikipedia.org/wiki/Schäfer_András
Schaffer Alfréd,Budapest,1893.02.13,http://hu.wikipedia.org/wiki/Schaffer_Alfr%C3%A9d
Schaller József,,1894.12.27,http://hu.wikipedia.org/wiki/Schaller_J%C3%B3zsef
Schaschek Ödön,Budapest,1885.09.18,http://hu.wikipedia.org/wiki/Schaschek_%C3%96d%C3%B6n
Schlosser Imre,Budapest,1889.10.11,http://hu.wikipedia.org/wiki/Schlosser_Imre
Schmidt János,Budapest,1904.03.03,http://hu.wikipedia.org/wiki/Schmidt_J%C3%A1nos_(labdar%C3%BAg%C3%B3)
Schön Szabolcs,Budapest,2000.09.27,https://hu.wikipedia.org/wiki/Schön_Szabolcs
Schwarz Ernő,Budapest,1902.03.07,https://hu.wikipedia.org/wiki/Schwarz_Ern%C5%91
Sebes Gusztáv,Budapest,1906.01.22,http://hu.wikipedia.org/wiki/Sebes_Guszt%C3%A1v
Sebestyén Béla,Budapest,1886.01.23,https://hu.wikipedia.org/wiki/Sebestyén_Béla_(labdarúgó)
Sebők József,Keszthely,1975.06.18,http://hu.wikipedia.org/wiki/Seb%C5%91k_J%C3%B3zsef
Sebők Vilmos,Budapest,1973.06.13,http://hu.wikipedia.org/wiki/Seb%C5%91k_Vilmos
Seiden Jenő,Újpest,1900.03.28,http://hu.wikipedia.org/wiki/Seiden_Jen%C5%91
Senkey Gyula,Perbál,1901.08.16,http://hu.wikipedia.org/wiki/Senkey_Gyula
Senkey Imre,Perbál,1898.07.04,http://hu.wikipedia.org/wiki/Senkey_Imre
Serényi Imre,Újpest,1909.06.12,http://hu.wikipedia.org/wiki/Ser%C3%A9nyi_Imre
Seres Gyula,Újpest,1912.10.05,http://hu.wikipedia.org/wiki/Seres_Gyula
Siegl József,Budapest,1894.05.29,http://hu.wikipedia.org/wiki/Siegl_J%C3%B3zsef
Sigér Dávid,Debrecen,1990.11.30,https://hu.wikipedia.org/wiki/Sigér_Dávid
Siklóssy Antal,?,1896.06.02,http://hu.wikipedia.org/wiki/Sikl%C3%B3ssy_Antal
Simek Péter,Mór,1980.01.30,http://hu.wikipedia.org/wiki/Simek_P%C3%A9ter
Simon Ádám,Salgótarján,1990.03.30,http://hu.wikipedia.org/wiki/Simon_Ádám
Simon Ferenc,?,1886.02.24,http://hu.wikipedia.org/wiki/Simon_Ferenc_(labdar%C3%BAg%C3%B3)
Simon Krisztián,Budapest,1991.06.10,http://hu.wikipedia.org/wiki/Simon_Kriszti%C3%A1n
Simon Tibor,Budapest,1965.09.01,"http://hu.wikipedia.org/wiki/Simon_Tibor_(labdar%C3%BAg%C3%B3,_1965%E2%80%932002)"
Sipos Ernő,Lábod,1883.12.13,http://hu.wikipedia.org/wiki/Sipos-Sell%C5%91_Ern%C5%91
Sipos Ferenc,Budapest,1932.12.13,http://hu.wikipedia.org/wiki/Sipos_Ferenc_(labdar%C3%BAg%C3%B3)
Sipos István,?,1928.06.07,http://hu.wikipedia.org/wiki/Sipos_Istv%C3%A1n_(labdar%C3%BAg%C3%B3)
Sipos Vilmos,Wilhelmsburg,1914.01.24,http://hu.wikipedia.org/wiki/Sipos_Vilmos
Sitku Illés,Budapest,1978.02.05,http://hu.wikipedia.org/wiki/Sitku_Ill%C3%A9s
Skvarek György,Budapest,1903.04.09,http://hu.wikipedia.org/wiki/Skvarek_Gy%C3%B6rgy
Solti József,Szeged,1911.11.29,http://hu.wikipedia.org/wiki/Solti_J%C3%B3zsef
Solti Mihály,Mezőhegyes,1898.12.09,http://hu.wikipedia.org/wiki/Solti_Mih%C3%A1ly
Solymosi Ernő,Diósgyőr,1940.06.21,http://hu.wikipedia.org/wiki/Solymosi_Ern%C5%91
Somogyi József,Nagyszentjános,1946.08.25,"http://hu.wikipedia.org/wiki/Somogyi_J%C3%B3zsef_(labdar%C3%BAg%C3%B3,_1946)"
Somogyi József,Győr,1968.05.23,"http://hu.wikipedia.org/wiki/Somogyi_J%C3%B3zsef_(labdar%C3%BAg%C3%B3,_1968)"
Soós István,Eger,1952.12.09,http://hu.wikipedia.org/wiki/So%C3%B3s_Istv%C3%A1n_(labdar%C3%BAg%C3%B3)
Sóvári Kálmán,Budapest,1940.12.21,http://hu.wikipedia.org/wiki/S%C3%B3v%C3%A1ri_K%C3%A1lm%C3%A1n
Sowunmi Thomas,Lagos,1978.07.25,http://hu.wikipedia.org/wiki/Sowunmi_Thomas
Spitz Illés,Budapest,1902.02.01,http://hu.wikipedia.org/wiki/Spitz_Ill%C3%A9s
Stark József,Budapest,1895.01.02,http://hu.wikipedia.org/wiki/Stark_J%C3%B3zsef
Stark Péter,Kazincbarcika,1978.08.17,http://hu.wikipedia.org/wiki/Stark_P%C3%A9ter
Steiner Bertalan,,1881.10.20,http://hu.wikipedia.org/wiki/Steiner_Bertalan
Sternberg László,Budapest,1905.05.28,http://hu.wikipedia.org/wiki/Sternberg_L%C3%A1szl%C3%B3
Stieber Zoltán,Sárvár,1988.10.16,http://hu.wikipedia.org/wiki/Stieber_Zolt%C3%A1n
Stofián János,Tőketerebes,1904.06.18,http://hu.wikipedia.org/wiki/St%C3%B3fi%C3%A1n_J%C3%A1nos
Ströck Albert,Nagyvárad,1903.03.06,http://hu.wikipedia.org/wiki/Str%C3%B6ck_Albert
Styles Callum,Bury,2000.03.28,https://en.wikipedia.org/wiki/Callum_Styles
Sütő Károly,Budapest,1919.06.05,http://hu.wikipedia.org/wiki/S%C3%BCt%C5%91_K%C3%A1roly
Szabadi László,Barcs,1961.07.30,http://hu.wikipedia.org/wiki/Szabadi_L%C3%A1szl%C3%B3
Szabics Imre,Szeged,1981.03.22,http://hu.wikipedia.org/wiki/Szabics_Imre
Szabó Antal,Soroksár,1910.09.04,http://hu.wikipedia.org/wiki/Szab%C3%B3_Antal_(labdar%C3%BAg%C3%B3)
Szabó Ferenc,Alsóújlak,1921.02.28,"http://hu.wikipedia.org/wiki/Szab%C3%B3_Ferenc_(labdar%C3%BAg%C3%B3,_1921)"
Szabó György,Gúta,1942.04.24,"http://hu.wikipedia.org/wiki/Szab%C3%B3_Gy%C3%B6rgy_(labdar%C3%BAg%C3%B3,_1942)"
Szabó György,Jászárokszállás,1921.01.09,"http://hu.wikipedia.org/wiki/Szab%C3%B3_Gy%C3%B6rgy_(labdar%C3%BAg%C3%B3,_1921)"
Szabó Imre,Ürmös,1918.06.03,http://hu.wikipedia.org/wiki/Szab%C3%B3_Imre_(labdar%C3%BAg%C3%B3)
Szabó János,Szekszárd,1989.07.11,"http://hu.wikipedia.org/wiki/Szab%C3%B3_J%C3%A1nos_(labdar%C3%BAg%C3%B3,_1989)"
Szabó Jenő,Budapest,1894.09.02,http://hu.wikipedia.org/wiki/Szab%C3%B3_Jen%C5%91_(labdar%C3%BAg%C3%B3)
Szabó József,Gönyü,1896.05.11,"https://hu.wikipedia.org/wiki/Szabó_József_(labdarúgó,_1896)"
Szabó László,Gödöllő,1934.09.11,"http://hu.wikipedia.org/wiki/Szab%C3%B3_L%C3%A1szl%C3%B3_(labdar%C3%BAg%C3%B3,_1934)"
Szabó Ottó,Győr,1955.12.16,"http://hu.wikipedia.org/wiki/Szab%C3%B3_Ott%C3%B3_(labdar%C3%BAg%C3%B3,_1955)"
Szabó Péter,Budapest,1897.04.13,http://hu.wikipedia.org/wiki/Szab%C3%B3_P%C3%A9ter_(labdar%C3%BAg%C3%B3)
Szaffka Zoltán,?,1895.04.28,http://hu.wikipedia.org/wiki/Szaffka_Zolt%C3%A1n
Szakály Péter,Nagyatád,1986.08.17,http://hu.wikipedia.org/wiki/Szak%C3%A1ly_P%C3%A9ter
Szalai Ádám,Budapest,1987.12.09,http://hu.wikipedia.org/wiki/Szalai_%C3%81d%C3%A1m
Szalai Attila,Budapest,1998.01.20,"https://hu.wikipedia.org/wiki/Szalai_Attila_(labdarúgó,_1998)"
Szalai Attila,Zebegény,1965.07.09,http://hu.wikipedia.org/wiki/Szalai_Attila_(labdar%C3%BAg%C3%B3)
Szalay Antal,Újpest,1912.03.03,http://hu.wikipedia.org/wiki/Szalay_Antal_(labdar%C3%BAg%C3%B3)
Szalay István,Kispest,1912.09.16,http://hu.wikipedia.org/wiki/Szalay_Istv%C3%A1n_(labdar%C3%BAg%C3%B3)
Szalay Miklós,Salgótarján,1946.12.06,http://hu.wikipedia.org/wiki/Szalay_Mikl%C3%B3s_(labdar%C3%BAg%C3%B3)
Szalma József,Tatabánya,1966.08.22,http://hu.wikipedia.org/wiki/Szalma_J%C3%B3zsef
Szamosi Tamás,Budapest,1974.11.27,http://hu.wikipedia.org/wiki/Szamosi_Tam%C3%A1s
Szaniszló Zoltán,Kolozsvár,1910.08.21,http://hu.wikipedia.org/wiki/Szaniszl%C3%B3_Zolt%C3%A1n
Szántó Gábor,Miskolc,1958.01.31,https://hu.wikipedia.org/wiki/Szántó_Gábor_(labdarúgó)
Szántó József,Szolnok,1915.05.05,http://hu.wikipedia.org/wiki/Sz%C3%A1nt%C3%B3_J%C3%B3zsef
Szappanos Péter,Jászberény,1990.11.14,https://hu.wikipedia.org/wiki/Szappanos_Péter
Szedlacsik Ferenc,Budapest,1898.10.10,http://hu.wikipedia.org/wiki/Szedlacsik_Ferenc
Szednicsek János,Budapest,1883.10.26,http://hu.wikipedia.org/wiki/Szednicsek_J%C3%A1nos
Szeitler Károly,Budapest,1889.11.11,http://hu.wikipedia.org/wiki/Szeitler_K%C3%A1roly
Székány Géza,Budapest,1890.03.25,http://hu.wikipedia.org/wiki/Sz%C3%A9k%C3%A1ny_G%C3%A9za
Szekeres József,Tatabánya,1964.07.09,"http://hu.wikipedia.org/wiki/Szekeres_J%C3%B3zsef_(labdar%C3%BAg%C3%B3,_1964)"
Szekeres Tamás,Budapest,1972.09.18,http://hu.wikipedia.org/wiki/Szekeres_Tam%C3%A1s_(labdar%C3%BAg%C3%B3)
Szélesi Zoltán,Budapest,1981.11.22,http://hu.wikipedia.org/wiki/Sz%C3%A9lesi_Zolt%C3%A1n
Szemere Antal,?,1910,http://hu.wikipedia.org/wiki/Szemere_Antal
Szendrei József,Karcag,1954.04.25,https://hu.wikipedia.org/wiki/Szendrei_József_(labdarúgó)
Szendrő Oszkár,?,1889.04.11,http://hu.wikipedia.org/wiki/Szendr%C5%91_Oszk%C3%A1r
Szendrődi Lajos,Budapest,1913.07.15,http://hu.wikipedia.org/wiki/Szendr%C5%91di_Lajos
Szentes Lázár,Bonyhád,1955.12.12,http://hu.wikipedia.org/wiki/Szentes_L%C3%A1z%C3%A1r
Szentey Sándor,Budapest,1886.02.21,http://hu.wikipedia.org/wiki/Szentey_S%C3%A1ndor
Szentmihályi Antal,Győr,1939.06.13,http://hu.wikipedia.org/wiki/Szentmih%C3%A1lyi_Antal
Szentmiklóssy Béla,Budapest,1902.12.02,http://hu.wikipedia.org/wiki/Szentmikl%C3%B3ssy_B%C3%A9la_(labdar%C3%BAg%C3%B3)
Szepesi Gusztáv,Miskolc,1939.07.17,http://hu.wikipedia.org/wiki/Szepesi_Gusztáv
Szidon Rezső,Újpest,1900.02.22,http://hu.wikipedia.org/wiki/Szidon_Rezs%C5%91
Szigeti Oszkár,Miskolc,1933.09.10,http://hu.wikipedia.org/wiki/Szigeti_Oszk%C3%A1r
Sziklai Ferenc,Budapest,1914.01.28,http://hu.wikipedia.org/wiki/Sziklai_Ferenc
Szilágyi Gyula,Debrecen,1923.01.18,http://hu.wikipedia.org/wiki/Szil%C3%A1gyi_Gyula_(labdar%C3%BAg%C3%B3)
Szilveszter Ferenc,Budapest,1971.11.26,http://hu.wikipedia.org/wiki/Szilveszter_Ferenc
Szimcsák István,Budapest,1933.07.22,http://hu.wikipedia.org/wiki/Szimcs%C3%A1k_Istv%C3%A1n
Szlezák Zoltán,Balassagyarmat,1967.12.26,http://hu.wikipedia.org/wiki/Szlez%C3%A1k_Zolt%C3%A1n
Szoboszlai Dominik,Budapest,2000.10.25,https://hu.wikipedia.org/wiki/Szoboszlai_Dominik
Szojka Ferenc,Salgótarján,1931.04.07,http://hu.wikipedia.org/wiki/Szojka_Ferenc
Szőke István,Budapest,1947.02.13,"http://hu.wikipedia.org/wiki/Sz%C5%91ke_Istv%C3%A1n_(labdar%C3%BAg%C3%B3,_1947)"
Szokolai László,Budapest,1952.03.25,http://hu.wikipedia.org/wiki/Szokolai_L%C3%A1szl%C3%B3
Szolnoki Roland,Mór,1992.01.21,http://hu.wikipedia.org/wiki/Szolnoki_Roland
Sztancsik József,Budapest,1908.11.12,http://hu.wikipedia.org/wiki/Sztancsik_J%C3%B3zsef
Sztipánovics Barnabás,Siklós,1974.07.02,http://hu.wikipedia.org/wiki/Sztip%C3%A1novics_Barnab%C3%A1s
Szűcs Géza,?,1906.12.14,http://hu.wikipedia.org/wiki/Sz%C5%B1cs_G%C3%A9za
Szűcs György,Szombathely,1912.04.23,http://hu.wikipedia.org/wiki/Sz%C5%B1cs_Gy%C3%B6rgy_(labdar%C3%BAg%C3%B3)
Szűcs Lajos,Budapest,1973.08.08,"http://hu.wikipedia.org/wiki/Sz%C5%B1cs_Lajos_(labdar%C3%BAg%C3%B3,_1973)"
Szűcs Lajos,Apatin,1943.12.10,"http://hu.wikipedia.org/wiki/Sz%C5%B1cs_Lajos_(labdar%C3%BAg%C3%B3,_1943)"
Szűcs Sándor,Szolnok,1921.11.23,http://hu.wikipedia.org/wiki/Sz%C5%B1cs_S%C3%A1ndor_(labdar%C3%BAg%C3%B3)
Szuhodovszki Soma,Budapest,1999.12.30,
Szulik József,Budapest,1905.06.22,http://hu.wikipedia.org/wiki/Szulik_Rezs%C5%91
Szuromi Antal,Andornaktálya,1943.06.21,http://hu.wikipedia.org/wiki/Szuromi_Antal
Szury Kálmán,Budapest,1889.02.04,http://hu.wikipedia.org/wiki/Szury_K%C3%A1lm%C3%A1n
Szusza Ferenc,Újpest,1923.12.01,http://hu.wikipedia.org/wiki/Szusza_Ferenc
Tagányi Árpád,?,1919.11.27,http://hu.wikipedia.org/wiki/Tag%C3%A1nyi_%C3%81rp%C3%A1d
Takács Ákos,Budapest,1982.02.14,http://hu.wikipedia.org/wiki/Tak%C3%A1cs_%C3%81kos_(labdar%C3%BAg%C3%B3)
Takács Dániel,Túrkeve,1884.11.18,http://hu.wikipedia.org/wiki/Tak%C3%A1cs_D%C3%A1niel
Takács Géza,Budapest,1899.05.02,http://hu.wikipedia.org/wiki/Tak%C3%A1cs_G%C3%A9za_(labdar%C3%BAg%C3%B3)
Takács György,Budapest,1924.10.10,http://hu.wikipedia.org/wiki/Tak%C3%A1cs_Gy%C3%B6rgy_(labdar%C3%BAg%C3%B3)
Takács József,Budapest,1904.06.30,"http://hu.wikipedia.org/wiki/Tak%C3%A1cs_J%C3%B3zsef_(labdar%C3%BAg%C3%B3,_1904)"
Takács Zoltán,Budapest,1983.11.26,http://hu.wikipedia.org/wiki/Tak%C3%A1cs_Zolt%C3%A1n_(labdar%C3%BAg%C3%B3)
Tamás Gyula,Diósgyőr,1941.11.12,https://hu.wikipedia.org/wiki/Tamás_Gyula_(labdarúgó)
Tamás Márk,Székesfehérvár,1993.10.28,https://hu.wikipedia.org/wiki/Tamás_Márk
Tamássy István,Budapest,1910.11.04,http://hu.wikipedia.org/wiki/Tam%C3%A1ssy_Istv%C3%A1n_(labdar%C3%BAg%C3%B3)
Táncos Mihály,Temesvár,1905.02.07,http://hu.wikipedia.org/wiki/T%C3%A1ncos_Mih%C3%A1ly
Tatár György,Miskolc,1952.09.10,http://hu.wikipedia.org/wiki/Tat%C3%A1r_Gy%C3%B6rgy_(labdar%C3%BAg%C3%B3)
Taussig Imre,Martonos,1890.03.26,http://hu.wikipedia.org/wiki/Taussig_Imre
Telek András,Budapest,1970.12.10,http://hu.wikipedia.org/wiki/Telek_Andr%C3%A1s
Teleki Gyula,Arad,1928.02.15,http://hu.wikipedia.org/wiki/Teleki_Gyula
Teleki Pál,Békéscsaba,1906.03.25,http://hu.wikipedia.org/wiki/Teleki_P%C3%A1l_(labdar%C3%BAg%C3%B3)
Tepszics Ignác,Budapest,1958.03.17,http://hu.wikipedia.org/wiki/Tepszics_Ign%C3%A1c
Tiber László,Sárszentmihály,1949.08.30,http://hu.wikipedia.org/wiki/Tieber_L%C3%A1szl%C3%B3
Tichy Lajos,Újpest,1935.03.21,http://hu.wikipedia.org/wiki/Tichy_Lajos
Tihanyi András,Szabadka,1917.10.27,http://hu.wikipedia.org/wiki/Tihanyi_Andr%C3%A1s
Tímár Krisztián,Budapest,1979.10.04,http://hu.wikipedia.org/wiki/T%C3%ADm%C3%A1r_Kriszti%C3%A1n
Tisza Tibor,Debrecen,1984.11.10,http://hu.wikipedia.org/wiki/Tisza_Tibor
Titkos Pál,Budafok-Kelenvölgy,1908.01.08,http://hu.wikipedia.org/wiki/Titkos_P%C3%A1l
Tokody Tibor,Budapest,1980.09.01,http://hu.wikipedia.org/wiki/Tokody_Tibor
Tököli Attila,Pécs,1976.05.14,http://hu.wikipedia.org/wiki/T%C3%B6k%C3%B6li_Attila
Toldi Géza,Budapest,1909.02.11,http://hu.wikipedia.org/wiki/Toldi_Géza
Toma Árpád,Pécs,1958.01.03,http://hu.wikipedia.org/wiki/Toma_%C3%81rp%C3%A1d
Tomecskó József,Budapest,1901.10.18,http://hu.wikipedia.org/wiki/Tomecsk%C3%B3_J%C3%B3zsef
Torghelle Sándor,Budapest,1982.05.05,http://hu.wikipedia.org/wiki/Torghelle_S%C3%A1ndor
Torma Gábor,Dunaújváros,1976.08.01,http://hu.wikipedia.org/wiki/Torma_G%C3%A1bor
Törőcsik András,Budapest,1955.05.01,http://hu.wikipedia.org/wiki/T%C3%B6r%C5%91csik_Andr%C3%A1s
Török Gábor,Alsónémedi,1936.05.30,http://hu.wikipedia.org/wiki/T%C3%B6r%C3%B6k_G%C3%A1bor_(labdar%C3%BAg%C3%B3)
Török Péter,Anarcs,1951.04.18,http://hu.wikipedia.org/wiki/T%C3%B6r%C3%B6k_P%C3%A9ter_(labdar%C3%BAg%C3%B3)
Török Tivadar,Budapest,1904.07.31,http://hu.wikipedia.org/wiki/T%C3%B6r%C3%B6k_Tivadar_(labdar%C3%BAg%C3%B3)
Tőrös István,Rákospalota,1908.07.19,http://hu.wikipedia.org/wiki/T%C5%91r%C3%B6s_Istv%C3%A1n
Tóth András,Újpest,1949.09.05,"http://hu.wikipedia.org/wiki/T%C3%B3th_Andr%C3%A1s_(labdar%C3%BAg%C3%B3,_1949)"
Tóth András,Budapest,1973.12.16,"http://hu.wikipedia.org/wiki/T%C3%B3th_Andr%C3%A1s_(labdar%C3%BAg%C3%B3,_1973)"
Tóth Balázs,Ózd,1981.09.24,"http://hu.wikipedia.org/wiki/T%C3%B3th_Bal%C3%A1zs_(labdar%C3%BAg%C3%B3,_1981)"
Tóth Bence,Tapolca,1998.05.25,"https://hu.wikipedia.org/wiki/Tóth_Bence_(labdarúgó,_1998)"
Tóth Ferenc,Vecsés,1925.03.01,"http://hu.wikipedia.org/wiki/T%C3%B3th_Ferenc_(labdar%C3%BAg%C3%B3,_1925)"
Tóth György,Sándorfalva,1915.04.24,"http://hu.wikipedia.org/wiki/T%C3%B3th_Gy%C3%B6rgy_(labdar%C3%BAg%C3%B3,_1915)"
Tóth Gyula,Székesfehérvár,1901.06.10,"http://hu.wikipedia.org/wiki/T%C3%B3th_Gyula_(labdar%C3%BAg%C3%B3,_1902)"
Tóth Jenő,?,1901.12.17,http://hu.wikipedia.org/wiki/T%C3%B3th_Jen%C5%91_(labdar%C3%BAg%C3%B3)
Tóth József,Mosonmagyaróvár,1951.12.02,"http://hu.wikipedia.org/wiki/T%C3%B3th_J%C3%B3zsef_(labdar%C3%BAg%C3%B3,_1951)"
Tóth József,Mersevát,1929.05.16,"http://hu.wikipedia.org/wiki/T%C3%B3th_J%C3%B3zsef_(labdar%C3%BAg%C3%B3,_1929)"
Tóth Kálmán,Szombathely,1944.08.13,http://hu.wikipedia.org/wiki/T%C3%B3th_K%C3%A1lm%C3%A1n_(labdar%C3%BAg%C3%B3)
Tóth Lajos,Budapest,1917.05.30,"http://hu.wikipedia.org/wiki/T%C3%B3th_Lajos_(labdar%C3%BAg%C3%B3,_1917)"
Tóth László,Nagyszentjános,1938.03.06,"http://hu.wikipedia.org/wiki/T%C3%B3th_L%C3%A1szl%C3%B3_(labdar%C3%BAg%C3%B3,_1938)"
Tóth Mátyás,Békés,1918.04.01,http://hu.wikipedia.org/wiki/T%C3%B3th_M%C3%A1ty%C3%A1s
Tóth Mihály,Budapest,1974.12.27,"http://hu.wikipedia.org/wiki/T%C3%B3th_Mih%C3%A1ly_(labdar%C3%BAg%C3%B3,_1974)"
Tóth Mihály,Bezdán,1926.09.14,"http://hu.wikipedia.org/wiki/T%C3%B3th_Mih%C3%A1ly_(labdar%C3%BAg%C3%B3,_1926)"
Tóth Norbert,Szombathely,1976.08.11,"https://hu.wikipedia.org/wiki/Tóth_Norbert_(labdarúgó,_1976)"
Tóth Potya István,Budapest,1891.07.28,http://hu.wikipedia.org/wiki/T%C3%B3th_Potya_Istv%C3%A1n
Tóth Zoltán,Budapest,1955.12.29,"http://hu.wikipedia.org/wiki/T%C3%B3th_Zolt%C3%A1n_(labdar%C3%BAg%C3%B3,_1955)"
Tóth Zoltán,Jánosháza,1938.11.06,"http://hu.wikipedia.org/wiki/T%C3%B3th_Zolt%C3%A1n_(labdar%C3%BAg%C3%B3,_1938)"
Tőzsér Dániel,Szolnok,1985.05.12,http://hu.wikipedia.org/wiki/T%C5%91zs%C3%A9r_D%C3%A1niel
Tritz Lőrinc,Budapest,1902.09.21,http://hu.wikipedia.org/wiki/Tritz_L%C5%91rinc
Tulipán Mihály,Budapest,1955.03.04,http://hu.wikipedia.org/wiki/Tulip%C3%A1n_Mih%C3%A1ly
Turai István,Budafok,1925.07.31,http://hu.wikipedia.org/wiki/Turai_Istv%C3%A1n
Turay József,Eger,1905.03.01,http://hu.wikipedia.org/wiki/Turay_J%C3%B3zsef
Tury György,Budapest,1895.07.21,http://hu.wikipedia.org/wiki/Tury_Gy%C3%B6rgy
Ugrai Roland,Békéscsaba,1992.11.13,https://hu.wikipedia.org/wiki/Ugrai_Roland
Ujvári József,Tóalmás,1904.04.04,http://hu.wikipedia.org/wiki/%C3%9Ajv%C3%A1ri_J%C3%B3zsef_(labdar%C3%BAg%C3%B3)
Urbán Flórián,Budapest,1968.07.29,http://hu.wikipedia.org/wiki/Urb%C3%A1n_Fl%C3%B3ri%C3%A1n
Urbányi István,Salgótarján,1967.04.17,http://hu.wikipedia.org/wiki/Urb%C3%A1nyi_Istv%C3%A1n
Urik József,Budapest,1897.03.06,http://hu.wikipedia.org/wiki/Urik_J%C3%B3zsef
Váczi Dénes,Budapest,1964.12.23,http://hu.wikipedia.org/wiki/V%C3%A1czi_D%C3%A9nes
Váczi Zoltán,Debrecen,1966.02.05,http://hu.wikipedia.org/wiki/V%C3%A1czi_Zolt%C3%A1n_(labdar%C3%BAg%C3%B3)
Vadócz Krisztián,Budapest,1985.05.30,http://hu.wikipedia.org/wiki/Vad%C3%B3cz_Kriszti%C3%A1n
Vágó Antal,Pásztó,1891.08.09,http://hu.wikipedia.org/wiki/V%C3%A1g%C3%B3_Antal
Vágó József,Debrecen,1906.06.30,http://hu.wikipedia.org/wiki/V%C3%A1g%C3%B3_J%C3%B3zsef_(labdar%C3%BAg%C3%B3)
Vámos Ernő,Szombathely,1898.11.10,http://hu.wikipedia.org/wiki/V%C3%A1mos_Ern%C5%91
Vancsa Zalán,Budapest,2004.10.27,
Vanczák Vilmos,Miskolc,1983.06.20,http://hu.wikipedia.org/wiki/Vancz%C3%A1k_Vilmos
Vangel Gyula,Budapest,1888.12.13,http://hu.wikipedia.org/wiki/Vangel_Gyula
Vanicsek János,Budapest,1887.10.29,
Várady Béla,Gömörszőlős,1953.04.12,http://hu.wikipedia.org/wiki/V%C3%A1rady_B%C3%A9la_(labdar%C3%BAg%C3%B3)
Varga Barnabás,Szombathely,1994.10.25,https://hu.wikipedia.org/wiki/Varga_Barnabás_(labdarúgó)
Varga István,Budapest,1963.01.01,"http://hu.wikipedia.org/wiki/Varga_Istv%C3%A1n_(labdar%C3%BAg%C3%B3,_1963)"
Varga József,Budapest,1954.10.09,"http://hu.wikipedia.org/wiki/Varga_J%C3%B3zsef_(labdar%C3%BAg%C3%B3,_1954)"
Varga József,Debrecen,1988.06.06,"http://hu.wikipedia.org/wiki/Varga_J%C3%B3zsef_(labdar%C3%BAg%C3%B3,_1988)"
Varga Kevin,Karcag,1996.03.30,https://hu.wikipedia.org/wiki/Varga_Kevin
Varga Péter,Budapest,1898.02.05,"https://hu.wikipedia.org/wiki/Varga_P%C3%A9ter_(labdar%C3%BAg%C3%B3,_1897)"
Varga Roland,Budapest,1990.01.23,http://hu.wikipedia.org/wiki/Varga_Roland_(labdar%C3%BAg%C3%B3)
Varga Zoltán,Vál,1945.01.01,"http://hu.wikipedia.org/wiki/Varga_Zolt%C3%A1n_(labdar%C3%BAg%C3%B3,_1945)"
Várhidi Pál,Budapest,1931.11.06,http://hu.wikipedia.org/wiki/V%C3%A1rhidi_P%C3%A1l
Vasas Mihály,Békéscsaba,1933.09.14,http://hu.wikipedia.org/wiki/Vasas_Mih%C3%A1ly_(labdar%C3%BAg%C3%B3)
Vaskó Tamás,Budapest,1984.02.20,http://hu.wikipedia.org/wiki/Vask%C3%B3_Tam%C3%A1s
Vass Ádám,Kápolnásnyék,1988.09.09,http://hu.wikipedia.org/wiki/Vass_%C3%81d%C3%A1m
Véber György,Szeged,1969.07.25,http://hu.wikipedia.org/wiki/V%C3%A9ber_Gy%C3%B6rgy
Vécsei Bálint,Miskolc,1993.07.13,http://hu.wikipedia.org/wiki/V%C3%A9csei_B%C3%A1lint
Végh Tibor,Székesfehérvár,1956.03.31,http://hu.wikipedia.org/wiki/V%C3%A9gh_Tibor
Végh Zoltán,Veszprém,1971.04.07,http://hu.wikipedia.org/wiki/V%C3%A9gh_Zolt%C3%A1n
Vellai István,Csepel,1945.11.14,http://hu.wikipedia.org/wiki/Vellai_Istv%C3%A1n
Vépi Péter,Kőröshegy,1949.10.20,http://hu.wikipedia.org/wiki/V%C3%A9pi_P%C3%A9ter
Vermes Krisztián,Budapest,1985.07.07,http://hu.wikipedia.org/wiki/Vermes_Kriszti%C3%A1n
Vezér Antal,Mohács,1922.02.24,http://hu.wikipedia.org/wiki/Vez%C3%A9r_Antal
Vida Máté,Budapest,1996.03.08,https://hu.wikipedia.org/wiki/Vida_Máté
Vidáts Csaba,Szőny,1947.11.22,http://hu.wikipedia.org/wiki/Vid%C3%A1ts_Csaba
Víg János,Budapest,1907.08.24,http://hu.wikipedia.org/wiki/V%C3%ADg_J%C3%A1nos
Vincze Gábor,Ózd,1976.09.07,http://hu.wikipedia.org/wiki/Vincze_G%C3%A1bor_(labdar%C3%BAg%C3%B3)
Vincze Gyula,Salgótarján,1919.12.06,http://hu.wikipedia.org/wiki/Vincze_Gyula
Vincze István,Tatabánya,1967.01.22,http://hu.wikipedia.org/wiki/Vincze_Istv%C3%A1n_(labdar%C3%BAg%C3%B3)
Vincze Jenő,Versec,1908.11.20,http://hu.wikipedia.org/wiki/Vincze_Jen%C5%91
Vincze Károly,?,1884.05.30,http://hu.wikipedia.org/wiki/Vincze_K%C3%A1roly
Vincze Ottó,Ózd,1974.08.29,http://hu.wikipedia.org/wiki/Vincze_Ott%C3%B3_(labdar%C3%BAg%C3%B3)
Vinícius Paulo,São Paulo,1990.02.21,https://en.wikipedia.org/wiki/Paulo_Vin%C3%ADcius_Souza_dos_Santos
Viola József,Komárom,1896.07.10,http://hu.wikipedia.org/wiki/Viola_J%C3%B3zsef_(labdar%C3%BAg%C3%B3)
Virágh István,Budapest,1928.12.18,http://hu.wikipedia.org/wiki/Vir%C3%A1g_Istv%C3%A1n
Vlaszák Géza,Zalaegerszeg,1973.09.03,http://hu.wikipedia.org/wiki/Vlasz%C3%A1k_G%C3%A9za
Volentik Béla,Szolnok,1907.12.05,http://hu.wikipedia.org/wiki/Volentik_B%C3%A9la
Waltner Róbert,Kaposvár,1977.09.20,http://hu.wikipedia.org/wiki/Waltner_R%C3%B3bert
Wéber Lajos,Budapest,1904.01.19,http://hu.wikipedia.org/wiki/W%C3%A9ber_Lajos
Weimper István,Budapest,1953.08.27,http://hu.wikipedia.org/wiki/Weimper_Istv%C3%A1n
Weinber János,Budapest,1888.01.18,http://hu.wikipedia.org/wiki/Weinber_J%C3%A1nos
Weinhardt Ferenc,Szombathely,1903.08.26,http://hu.wikipedia.org/wiki/Weinhardt_Ferenc
Weisz Árpád,Solt,1896.04.16,http://hu.wikipedia.org/wiki/Weisz_%C3%81rp%C3%A1d
Weisz Ferenc,Erzsébetfalva,1885.07.01,http://hu.wikipedia.org/wiki/Weisz_Ferenc_(labdar%C3%BAg%C3%B3)
Werner Ignác,?,1901.03.30,http://hu.wikipedia.org/wiki/Werner_Ign%C3%A1c
Wiener János,Budapest,1895.12.14,http://hu.wikipedia.org/wiki/Wiener_J%C3%A1nos
Wiener Jenő,Budapest,1899.03.03,http://hu.wikipedia.org/wiki/Wiener_Jen%C5%91
Winkler József,Budapest,1898.06.11,http://hu.wikipedia.org/wiki/Winkler_J%C3%B3zsef_(labdar%C3%BAg%C3%B3)
Winkler Róbert,Budapest,1900.05.16,http://hu.wikipedia.org/wiki/Winkler_R%C3%B3bert_(labdar%C3%BAg%C3%B3)
Wollek Tibor,Budapest,1947.10.07,http://hu.wikipedia.org/wiki/Wollek_Tibor
Wukovics László,Budapest,1970.01.22,http://hu.wikipedia.org/wiki/Wukovics_L%C3%A1szl%C3%B3
Zakariás József,Budafok,1924.03.05,http://hu.wikipedia.org/wiki/Zakari%C3%A1s_J%C3%B3zsef
Zámbó Sándor,Újpest,1944.10.10,http://hu.wikipedia.org/wiki/Z%C3%A1mb%C3%B3_S%C3%A1ndor
Zatykó Ferenc,Budapest,1894.02.13,http://hu.wikipedia.org/wiki/Zatyk%C3%B3_Ferenc_(labdar%C3%BAg%C3%B3)
Zavadszky Gábor,Budapest,1974.09.10,http://hu.wikipedia.org/wiki/Zavadszky_G%C3%A1bor
Závodi István,Budapest,1911.02.23,http://hu.wikipedia.org/wiki/Z%C3%A1vodi_Istv%C3%A1n
Zloch Gyula,Budapest,1899.01.13,http://hu.wikipedia.org/wiki/Zloch_Gyula
Zombori András,Budapest,1965.12.06,http://hu.wikipedia.org/wiki/Zombori_Andr%C3%A1s
Zombori Sándor,Pécs,1951.10.31,http://hu.wikipedia.org/wiki/Zombori_S%C3%A1ndor
Zombori Zalán,Pécs,1975.05.25,http://hu.wikipedia.org/wiki/Zombori_Zal%C3%A1n
Zsák Károly,Budapest,1895.08.30,http://hu.wikipedia.org/wiki/Zs%C3%A1k_K%C3%A1roly
Zsédely Sándor,Győr,1924.03.24,http://hu.wikipedia.org/wiki/Zs%C3%A9dely_S%C3%A1ndor
Zsengellér Gyula,Cegléd,1915.12.27,http://hu.wikipedia.org/wiki/Zsengell%C3%A9r_Gyula
Zsiborás Gábor,Budapest,1957.11.12,http://hu.wikipedia.org/wiki/Zsibor%C3%A1s_G%C3%A1bor
Zsidai László,Szombathely,1986.07.16,http://hu.wikipedia.org/wiki/Zsidai_L%C3%A1szl%C3%B3
Zsinka János,Szentendre,1965.10.02,http://hu.wikipedia.org/wiki/Zsinka_J%C3%A1nos
Zsolnai János,Reviga,1924.08.17,http://hu.wikipedia.org/wiki/Zsolnai_J%C3%A1nos
Zvara József,Vác,1966.08.17,http://hu.wikipedia.org/wiki/Zvara_J%C3%B3zsef
