name,city,population,wiki,birth_date
Aczél Zoltán,Budapest,1671004 ,https://hu.wikipedia.org/wiki/Budapest,1967.03.13
Ádám Martin,Szeged,158829 ,https://hu.wikipedia.org/wiki/Szeged,1994.11.06
Ádám Sándor,?,Page not found,,1918.02.10
Aknai Jenő,Budapest,1671004 ,https://hu.wikipedia.org/wiki/Budapest,1908.04.19
Albert Flórián,Hercegszántó,1645 ,https://hu.wikipedia.org/wiki/Hercegszántó,1941.09.15
Albert Flórián ifj.,Budapest,1671004 ,https://hu.wikipedia.org/wiki/Budapest,1967.12.12
Amsel Ignác,Kispest,,https://hu.wikipedia.org/wiki/Kispest,1899.01.17
Andrusch József,Budapest,1671004 ,https://hu.wikipedia.org/wiki/Budapest,1956.03.31
Arany László,Tatabánya,65874 ,https://hu.wikipedia.org/wiki/Tatabánya,1971.03.09
Aranyos Imre,Kisvárda,14990 ,https://hu.wikipedia.org/wiki/Kisvárda,1966.06.13
Aspirány Gusztáv,Budapest,1671004 ,https://hu.wikipedia.org/wiki/Budapest,1925.09.17
Avar István,Arad,City data not found,https://hu.wikipedia.org/wiki/Arad,1905.05.30
Babolcsay György,Sashalom,15288 ,https://hu.wikipedia.org/wiki/Sashalom,1921.12.26
Babos Gábor,Sopron,61784 ,https://hu.wikipedia.org/wiki/Sopron,1974.10.24
Bácsi Sándor,Budapest,1671004 ,https://hu.wikipedia.org/wiki/Budapest,1969.11.26
Bádonyi Gyula,Szerencs,,https://hu.wikipedia.org/wiki/Szerencs,1882.09.17
Bakó Béla,Szeged,158829 ,https://hu.wikipedia.org/wiki/Szeged,1928.11.19
Bakos Sándor,Budapest,1671004 ,https://hu.wikipedia.org/wiki/Budapest,1939.08.02
Bálint László,Budapest,1671004 ,https://hu.wikipedia.org/wiki/Budapest,1948.02.01
Balog Tibor,Kakucs,3150 ,https://hu.wikipedia.org/wiki/Kakucs,1966.03.01
Balog Tibor,Kiskunmajsa,11675 ,https://hu.wikipedia.org/wiki/Kiskunmajsa,1963.08.31
Balog Zoltán,Budapest,1671004 ,https://hu.wikipedia.org/wiki/Budapest,1967.11.06
Balog Zoltán,Békés,17726 ,https://hu.wikipedia.org/wiki/Békés,1978.02.22
Balogh Balázs,Budapest,1671004 ,https://hu.wikipedia.org/wiki/Budapest,1990.06.11
Balogh Béla,Budapest,1671004 ,https://hu.wikipedia.org/wiki/Budapest,1984.12.30
Balogh Botond,Sopron,61784 ,https://hu.wikipedia.org/wiki/Sopron,2002.06.06
Balogh István,Budapest,1671004 ,https://hu.wikipedia.org/wiki/Budapest,1912.09.21
Balogh János,Debrecen,201582 ,https://hu.wikipedia.org/wiki/Debrecen,1982.11.29
Balogh Miklós,Porcsalma,2576 ,https://hu.wikipedia.org/wiki/Porcsalma,1914.01.01
Balogh Norbert,Hajdúböszörmény,29574 ,https://hu.wikipedia.org/wiki/Hajdúböszörmény,1996.02.21
Balogh Sándor,Gyón,,https://hu.wikipedia.org/wiki/Gyón,1920.03.18
Balogh Tamás,Budapest,1671004 ,https://hu.wikipedia.org/wiki/Budapest,1967.09.06
Bánfi János,Újkígyós,4683 ,https://hu.wikipedia.org/wiki/Újkígyós,1969.11.09
Bánkuti István,Budafok,26782 ,https://hu.wikipedia.org/wiki/Budafok,1946.11.12
Bányai Nándor,Budapest,1671004 ,https://hu.wikipedia.org/wiki/Budapest,1928.03.08
Baranyi Miklós,Oroszlány,18064 ,https://hu.wikipedia.org/wiki/Oroszlány,1969.09.06
Baranyi Sándor,Győr,130020 ,https://hu.wikipedia.org/wiki/Győr,1953.08.14
Bárányos Zsolt,Budapest,1671004 ,https://hu.wikipedia.org/wiki/Budapest,1975.12.15
Baráth Botond,Budapest,1671004 ,https://hu.wikipedia.org/wiki/Budapest,1992.04.21
Baráth Péter,Kisvárda,14990 ,https://hu.wikipedia.org/wiki/Kisvárda,2002.02.21
Barátky Gyula,Nagyvárad,183105 ,https://hu.wikipedia.org/wiki/Nagyvárad,1910.10.18
Bárd István,Fiume,107964 ,https://hu.wikipedia.org/wiki/Fiume,1882.08.19
Baróti Lajos,Barót,4753 ,https://hu.wikipedia.org/wiki/Barót,1914.08.19
Bartos Béla,Budapest,1671004 ,https://hu.wikipedia.org/wiki/Budapest,1902.04.04
Baubach Béla,Újpest,City data not found,https://hu.wikipedia.org/wiki/Újpest,1895.04.03
Bayer Jenő,Budapest,1671004 ,https://hu.wikipedia.org/wiki/Budapest,1884.11.17
Becsei József,Budapest,1671004 ,https://hu.wikipedia.org/wiki/Budapest,1950.10.10
Béky Bertalan,Budapest,1671004 ,https://hu.wikipedia.org/wiki/Budapest,1913.08.29
Bencsics József,Szombathely,78446 ,https://hu.wikipedia.org/wiki/Szombathely,1933.07.19
Bene Ferenc,Balatonújlak,445 ,https://hu.wikipedia.org/wiki/Balatonújlak,1944.12.17
Beneda István,Budapest,1671004 ,https://hu.wikipedia.org/wiki/Budapest,1904.02.04
Berán József,Budapest,1671004 ,https://hu.wikipedia.org/wiki/Budapest,1883.11.05
Bérczy Balázs,Pécs,,https://hu.wikipedia.org/wiki/Pécs,1966.01.15
Berecz István,?,Page not found,,1913.12.10
Berecz Zsombor,Miskolc,145248 ,https://hu.wikipedia.org/wiki/Miskolc,1995.12.13
Berendi Pál,Budapest,1671004 ,https://hu.wikipedia.org/wiki/Budapest,1932.11.30
Berkessy Elemér,Nagyvárad,183105 ,https://hu.wikipedia.org/wiki/Nagyvárad,1905.06.20
Bese Barnabás,Budapest,1671004 ,https://hu.wikipedia.org/wiki/Budapest,1994.05.06
Bicskei Bertalan,Budapest,1671004 ,https://hu.wikipedia.org/wiki/Budapest,1944.09.17
Bienenstock Sándor,Budapest,1671004 ,https://hu.wikipedia.org/wiki/Budapest,1884.06.17
Bihámi Béla,Budapest,1671004 ,https://hu.wikipedia.org/wiki/Budapest,1909.10.23
Bihari Ferenc,Budapest,1671004 ,https://hu.wikipedia.org/wiki/Budapest,1889.11.30
Biri János,Budapest,1671004 ,https://hu.wikipedia.org/wiki/Budapest,1901.07.21
Bíró Gyula,Budapest,1671004 ,https://hu.wikipedia.org/wiki/Budapest,1890.04.25
Bíró Sándor,Füzesabony,7170 ,https://hu.wikipedia.org/wiki/Füzesabony,1911.08.19
Blazsek Ferenc,Budapest,1671004 ,https://hu.wikipedia.org/wiki/Budapest,1884.09.20
Blum Zoltán,Pápa,City data not found,https://hu.wikipedia.org/wiki/Pápa,1892.01.03
Bobrik Károly,Budapest,1671004 ,https://hu.wikipedia.org/wiki/Budapest,1900.06.13
Boda Imre,Szolnok,67126 ,https://hu.wikipedia.org/wiki/Szolnok,1961.10.10
Böde Dániel,Szekszárd,30057 ,https://hu.wikipedia.org/wiki/Szekszárd,1986.10.24
Bódi Ádám,Nyíregyháza,115711 ,https://hu.wikipedia.org/wiki/Nyíregyháza,1990.10.18
Bodnár László,Bánszállás,,https://hu.wikipedia.org/wiki/Bánszállás,1959.03.05
Bodnár László,Mátészalka,15351 ,https://hu.wikipedia.org/wiki/Mátészalka,1979.02.25
Bodnár Sándor,Budapest,1671004 ,https://hu.wikipedia.org/wiki/Budapest,1890.09.20
Bódog Tamás,Dunaújváros,41873 ,https://hu.wikipedia.org/wiki/Dunaújváros,1970.09.27
Bodola Gyula,Brassó,237315 ,https://hu.wikipedia.org/wiki/Brassó,1912.02.26
Bodon Tibor,Salgótarján,31223 ,https://hu.wikipedia.org/wiki/Salgótarján,1931.07.18
Bodonyi Béla,Jászdózsa,2050 ,https://hu.wikipedia.org/wiki/Jászdózsa,1956.12.14
Bodor Boldizsár,Pécs,,https://hu.wikipedia.org/wiki/Pécs,1982.04.27
Bödör László,Budapest,1671004 ,https://hu.wikipedia.org/wiki/Budapest,1933.08.17
Bodor Ödön,Kapuvár,9953 ,https://hu.wikipedia.org/wiki/Kapuvár,1882.10.24
Bogdán Ádám,Budapest,1671004 ,https://hu.wikipedia.org/wiki/Budapest,1987.09.27
Bognár György,Baja,33142 ,https://hu.wikipedia.org/wiki/Baja,1961.11.05
Bognár Zoltán,Körmend,10255 ,https://hu.wikipedia.org/wiki/Körmend,1965.06.25
Böjte Attila,Győr,130020 ,https://hu.wikipedia.org/wiki/Győr,1976.09.02
Böjti János,Keszthely,18031 ,https://hu.wikipedia.org/wiki/Keszthely,1891.05.01
Boldizsár Géza,Budafok,26782 ,https://hu.wikipedia.org/wiki/Budafok,1919.06.01
Bolla Bendegúz,Székesfehérvár,95915 ,https://hu.wikipedia.org/wiki/Székesfehérvár,1999.11.22
Böőr Zoltán,Debrecen,201582 ,https://hu.wikipedia.org/wiki/Debrecen,1978.08.14
Borbás Gáspár dr.,Budapest,1671004 ,https://hu.wikipedia.org/wiki/Budapest,1884.07.26
Bordás Csaba,Sopron,61784 ,https://hu.wikipedia.org/wiki/Sopron,1968.03.21
Bori Gábor,Szombathely,78446 ,https://hu.wikipedia.org/wiki/Szombathely,1984.01.16
Borisz Győző,Budapest,1671004 ,https://hu.wikipedia.org/wiki/Budapest,1895.12.14
Borostyán Mihály,Sajószentpéter,11274 ,https://hu.wikipedia.org/wiki/Sajószentpéter,1956.09.17
Borsányi Ferenc,Budapest,1671004 ,https://hu.wikipedia.org/wiki/Budapest,1902.12.03
Borsányi György,Újpest,City data not found,https://hu.wikipedia.org/wiki/Újpest,1933.02.04
Borsó János,Pécs,,https://hu.wikipedia.org/wiki/Pécs,1953.04.18
Börzsei János,Budapest,1671004 ,https://hu.wikipedia.org/wiki/Budapest,1921.10.09
Bošnjak Predrag,Szabadka,105681 ,https://hu.wikipedia.org/wiki/Szabadka,1985.11.13
Bosnyákovits Károly,Budapest,1671004 ,https://hu.wikipedia.org/wiki/Budapest,1887.05.27
Botka Endre,Budapest,1671004 ,https://hu.wikipedia.org/wiki/Budapest,1994.08.25
Bozsik József,Kispest,,https://hu.wikipedia.org/wiki/Kispest,1925.11.28
Branikovits László,Budapest,1671004 ,https://hu.wikipedia.org/wiki/Budapest,1949.12.18
Braun Ferenc,Budapest,1671004 ,https://hu.wikipedia.org/wiki/Budapest,1885.01.02
Braun József,Putnok,6363 ,https://hu.wikipedia.org/wiki/Putnok,1901.02.26
Brockhauser István,Budapest,1671004 ,https://hu.wikipedia.org/wiki/Budapest,1964.05.03
Bródy Sándor,Székelyfalva,1755 ,https://hu.wikipedia.org/wiki/Székelyfalva,1884.05.16
Bücs Zsolt,Mátészalka,15351 ,https://hu.wikipedia.org/wiki/Mátészalka,1963.09.08
Buda István,Budapest,1671004 ,https://hu.wikipedia.org/wiki/Budapest,1884.02.03
Budai László,Budapest,1671004 ,https://hu.wikipedia.org/wiki/Budapest,1928.07.19
Budavári László,Budapest,1671004 ,https://hu.wikipedia.org/wiki/Budapest,1953.08.03
Bukovi Márton,Budapest,1671004 ,https://hu.wikipedia.org/wiki/Budapest,1903.12.01
Bukrán Gábor,Eger,50018 ,https://hu.wikipedia.org/wiki/Eger,1975.11.16
Bükszegi Zoltán,Budapest,1671004 ,https://hu.wikipedia.org/wiki/Budapest,1975.12.16
Bundzsák Dezső,Kiskunhalas,26215 ,https://hu.wikipedia.org/wiki/Kiskunhalas,1928.05.03
Burcsa Győző,Kaposvár,59270 ,https://hu.wikipedia.org/wiki/Kaposvár,1954.03.13
Buza Lajos,Újpest,City data not found,https://hu.wikipedia.org/wiki/Újpest,1901.06.26
Buzánszky Jenő,Újdombóvár,City data not found,https://hu.wikipedia.org/wiki/Újdombóvár,1925.05.04
Buzsáky Ákos,Budapest,1671004 ,https://hu.wikipedia.org/wiki/Budapest,1982.05.07
Csábi József,Szolnok,67126 ,https://hu.wikipedia.org/wiki/Szolnok,1967.02.14
Csapó Károly,Agyagosszergény,936 ,https://hu.wikipedia.org/wiki/Agyagosszergény,1952.02.23
Cseh András,Nagyszénás,4416 ,https://hu.wikipedia.org/wiki/Nagyszénás,1964.01.15
Cseh László,Budapest,1671004 ,https://hu.wikipedia.org/wiki/Budapest,1910.04.04
Csehi Tibor,Kalocsa,14619 ,https://hu.wikipedia.org/wiki/Kalocsa,1963.03.27
Cseri Tamás,Győr,130020 ,https://hu.wikipedia.org/wiki/Győr,1988.01.15
Csernai Pál,Pilis,City data not found,https://hu.wikipedia.org/wiki/Pilis,1932.10.21
Csertői Aurél,Győr,130020 ,https://hu.wikipedia.org/wiki/Győr,1965.09.25
Csík Ferenc,Veszprém,56777 ,https://hu.wikipedia.org/wiki/Veszprém,1962.06.06
Csikós Gyula,Budapest,1671004 ,https://hu.wikipedia.org/wiki/Budapest,1913.04.15
Csizmadia Csaba,Marosvásárhely,115493 ,https://hu.wikipedia.org/wiki/Marosvásárhely,1985.05.30
Csoboth Kevin,Pécs,,https://hu.wikipedia.org/wiki/Pécs,2000.06.20
Csongrádi Ferenc,Apácatorna,139 ,https://hu.wikipedia.org/wiki/Apácatorna,1956.03.29
Csonka Gyula,Győr,130020 ,https://hu.wikipedia.org/wiki/Győr,1958.05.12
Csontos Kálmán,Récse,25733 ,https://hu.wikipedia.org/wiki/Récse,1899.02.24
Csordás Lajos,Budafok,26782 ,https://hu.wikipedia.org/wiki/Budafok,1932.10.26
Csucsánszky Zoltán,Budapest,1671004 ,https://hu.wikipedia.org/wiki/Budapest,1965.10.17
Csüdör Ferenc,Budapest,1671004 ,https://hu.wikipedia.org/wiki/Budapest,1887.02.10
Csuhay József,Eger,50018 ,https://hu.wikipedia.org/wiki/Eger,1957.07.12
Czeczeli Károly,Barcs,9845 ,https://hu.wikipedia.org/wiki/Barcs,1951.12.04
Czéh László,Kecskemét,109731 ,https://hu.wikipedia.org/wiki/Kecskemét,1968.02.01
Czibor Zoltán,Kaposvár,59270 ,https://hu.wikipedia.org/wiki/Kaposvár,1929.08.23
Czvitkovics Péter,Székesfehérvár,95915 ,https://hu.wikipedia.org/wiki/Székesfehérvár,1983.02.10
Dajka László,Nyíregyháza,115711 ,https://hu.wikipedia.org/wiki/Nyíregyháza,1959.04.29
Dalnoki Jenő,Budapest,1671004 ,https://hu.wikipedia.org/wiki/Budapest,1932.12.12
Dán Vilmos,Stájerlakanina,4383 ,https://hu.wikipedia.org/wiki/Stájerlakanina,1902.09.10
Danka Imre,Szombathely,78446 ,https://hu.wikipedia.org/wiki/Szombathely,1930.12.24
Dárdai Márton,Berlin,3755251 ,https://hu.wikipedia.org/wiki/Berlin,2002.02.12
Dárdai Pál,Pécs,,https://hu.wikipedia.org/wiki/Pécs,1976.03.16
Dárdai Pál,Berlin,3755251 ,https://hu.wikipedia.org/wiki/Berlin,1999.04.24
Deák Ferenc,Budapest,1671004 ,https://hu.wikipedia.org/wiki/Budapest,1922.01.16
Debreceni András,Nagykanizsa,43188 ,https://hu.wikipedia.org/wiki/Nagykanizsa,1989.04.21
Dénes József,Kispest,,https://hu.wikipedia.org/wiki/Kispest,1905.05.04
Déri Károly,Budapest,1671004 ,https://hu.wikipedia.org/wiki/Budapest,1910.09.26
Détári Lajos,Budapest,1671004 ,https://hu.wikipedia.org/wiki/Budapest,1963.04.24
Deutsch Árpád,?,Page not found,,1894.10.01
Devecseri Szilárd,Szombathely,78446 ,https://hu.wikipedia.org/wiki/Szombathely,1990.02.13
Dibusz Dénes,Pécs,,https://hu.wikipedia.org/wiki/Pécs,1990.11.16
Disztl László,Baja,33142 ,https://hu.wikipedia.org/wiki/Baja,1962.06.04
Disztl Péter,Baja,33142 ,https://hu.wikipedia.org/wiki/Baja,1960.03.30
Dobó Gyula,Budapest,1671004 ,https://hu.wikipedia.org/wiki/Budapest,1890.10.09
Dobos Károly,Budapest,1671004 ,https://hu.wikipedia.org/wiki/Budapest,1901.11.29
Dombi Tibor,Püspökladány,13180 ,https://hu.wikipedia.org/wiki/Püspökladány,1973.11.11
Domonkos László,Budapest,1671004 ,https://hu.wikipedia.org/wiki/Budapest,1886.10.10
Dragóner Attila,Budapest,1671004 ,https://hu.wikipedia.org/wiki/Budapest,1974.11.15
Drössler Béla,?,Page not found,,1903.02.23
Dudás Gyula,Budapest,1671004 ,https://hu.wikipedia.org/wiki/Budapest,1902.01.07
Dudás János,Budapest,1671004 ,https://hu.wikipedia.org/wiki/Budapest,1911.01.11
Dudás Zoltán,Miskolc,145248 ,https://hu.wikipedia.org/wiki/Miskolc,1933.08.11
Dunai Antal,Gara,City data not found,https://hu.wikipedia.org/wiki/Gara,1943.03.21
Dunai Ede,Budapest,1671004 ,https://hu.wikipedia.org/wiki/Budapest,1949.07.14
Dunai János,Gara,City data not found,https://hu.wikipedia.org/wiki/Gara,1937.06.26
Dunai Lajos,Budapest,1671004 ,https://hu.wikipedia.org/wiki/Budapest,1942.11.29
Duró József,Berettyóújfalu,14040 ,https://hu.wikipedia.org/wiki/Berettyóújfalu,1966.07.26
Dürr Antal,Budapest,1671004 ,https://hu.wikipedia.org/wiki/Budapest,1890.05.13
Dvéri Zsolt,Székesfehérvár,95915 ,https://hu.wikipedia.org/wiki/Székesfehérvár,1976.08.12
Dzsudzsák Balázs,Debrecen,201582 ,https://hu.wikipedia.org/wiki/Debrecen,1986.12.23
Ebedli Zoltán,Budapest,1671004 ,https://hu.wikipedia.org/wiki/Budapest,1953.10.26
Éger László,Paks,17827 ,https://hu.wikipedia.org/wiki/Paks,1977.05.07
Egresi Béla,Szigetújfalu,2183 ,https://hu.wikipedia.org/wiki/Szigetújfalu,1922.04.05
Egressy Gábor,Budapest,1671004 ,https://hu.wikipedia.org/wiki/Budapest,1974.02.11
Eisenhoffer József,Budapest,1671004 ,https://hu.wikipedia.org/wiki/Budapest,1900.11.08
Elek Ákos,Ózd,30865 ,https://hu.wikipedia.org/wiki/Ózd,1988.07.21
Emődi Rezső,Újpest,City data not found,https://hu.wikipedia.org/wiki/Újpest,1903.03.09
Engel Vilmos,?,Page not found,,1894.03.11
Eőry Mihály,Nagykamarás,1114 ,https://hu.wikipedia.org/wiki/Nagykamarás,1909.09.21
Eppel Márton,Budapest,1671004 ,https://hu.wikipedia.org/wiki/Budapest,1991.11.20
Erős Károly,Cegléd,36344 ,https://hu.wikipedia.org/wiki/Cegléd,1971.12.20
Esterházy Márton,Budapest,1671004 ,https://hu.wikipedia.org/wiki/Budapest,1956.04.09
Eszenyi Dénes,Nyíregyháza,115711 ,https://hu.wikipedia.org/wiki/Nyíregyháza,1968.01.09
Fábián Tibor,Budapest,1671004 ,https://hu.wikipedia.org/wiki/Budapest,1946.07.26
Faragó Lajos,Budapest,1671004 ,https://hu.wikipedia.org/wiki/Budapest,1932.08.03
Farkas Balázs,Nyíregyháza,115711 ,https://hu.wikipedia.org/wiki/Nyíregyháza,1988.04.24
Farkas Balázs,Győr,130020 ,https://hu.wikipedia.org/wiki/Győr,1979.10.15
Farkas János,Budapest,1671004 ,https://hu.wikipedia.org/wiki/Budapest,1942.03.27
Farkas Simon,Ózd,30865 ,https://hu.wikipedia.org/wiki/Ózd,1965.12.14
Farkas Tibor,Kecskemét,109731 ,https://hu.wikipedia.org/wiki/Kecskemét,1957.03.04
Farkasházy László,Budapest,1671004 ,https://hu.wikipedia.org/wiki/Budapest,1968.01.27
Fatér Károly,Nyírlak,Page not found,,1940.04.09
Fazekas Árpád,Kámon,,https://hu.wikipedia.org/wiki/Kámon,1930.06.23
Fazekas László,Budapest,1671004 ,https://hu.wikipedia.org/wiki/Budapest,1947.10.15
Feczesin Róbert,Dabas,17527 ,https://hu.wikipedia.org/wiki/Dabas,1986.02.22
Fehér Csaba,Szekszárd,30057 ,https://hu.wikipedia.org/wiki/Szekszárd,1975.09.02
Fehér Ferenc,Budapest,1671004 ,https://hu.wikipedia.org/wiki/Budapest,1902.10.03
Fehér Miklós,Tatabánya,65874 ,https://hu.wikipedia.org/wiki/Tatabánya,1979.07.20
Fehéry Ákos,Fót,20975 ,https://hu.wikipedia.org/wiki/Fót,1882.08.15
Fejes Gábor,Budapest,1671004 ,https://hu.wikipedia.org/wiki/Budapest,1947.04.08
Fekete Jenő,Budapest,1671004 ,https://hu.wikipedia.org/wiki/Budapest,1910.07.28
Fekete László,Budapest,1671004 ,https://hu.wikipedia.org/wiki/Budapest,1954.04.14
Fekete Miklós,Budapest,1671004 ,https://hu.wikipedia.org/wiki/Budapest,1892.02.10
Feketeházy Gyula,Budapest,1671004 ,https://hu.wikipedia.org/wiki/Budapest,1888.08.04
Feldmann Gyula,Szeged,158829 ,https://hu.wikipedia.org/wiki/Szeged,1890.11.16
Fenyvesi László,Tolcsva,,https://hu.wikipedia.org/wiki/Tolcsva,1908.05.22
Fenyvesi Máté,Jánoshalma,7984 ,https://hu.wikipedia.org/wiki/Jánoshalma,1933.09.19
Ferenczi István,Győr,130020 ,https://hu.wikipedia.org/wiki/Győr,1977.09.14
Ferenczi János,Debrecen,201582 ,https://hu.wikipedia.org/wiki/Debrecen,1991.04.03
Ficzere Péter,Budapest,1671004 ,https://hu.wikipedia.org/wiki/Budapest,1889.06.08
Filkor Attila,Budapest,1671004 ,https://hu.wikipedia.org/wiki/Budapest,1988.07.12
Finta Károly,Nagygencs,2658 ,https://hu.wikipedia.org/wiki/Nagygencs,1914.06.11
Fiola Attila,Szekszárd,30057 ,https://hu.wikipedia.org/wiki/Szekszárd,1990.02.17
Fischer Lajos,Budapest,1671004 ,https://hu.wikipedia.org/wiki/Budapest,1901.03.18
Fischer Pál,Pilisszántó,2688 ,https://hu.wikipedia.org/wiki/Pilisszántó,1966.01.29
Fister Ferenc,Székesfehérvár,95915 ,https://hu.wikipedia.org/wiki/Székesfehérvár,1940.02.23
Fitos József,Nova,City data not found,https://hu.wikipedia.org/wiki/Nova,1959.11.04
Fodor Imre,Budapest,1671004 ,https://hu.wikipedia.org/wiki/Budapest,1963.03.16
Fogl József,Újpest,City data not found,https://hu.wikipedia.org/wiki/Újpest,1897.08.14
Fogl Károly,Újpest,City data not found,https://hu.wikipedia.org/wiki/Újpest,1895.01.19
Forró Gyula,Orosháza,25472 ,https://hu.wikipedia.org/wiki/Orosháza,1988.06.06
Friedrich István,Malacka,City data not found,https://hu.wikipedia.org/wiki/Malacka,1883.07.01
Fritz Alajos,Budapest,1671004 ,https://hu.wikipedia.org/wiki/Budapest,1885.06.21
Fröhlich Sándor,?,Page not found,,1897.09.11
Füle Antal,Esztergom,,https://hu.wikipedia.org/wiki/Esztergom,1966.11.26
Fülöp Márton,Budapest,1671004 ,https://hu.wikipedia.org/wiki/Budapest,1983.05.03
Furmann Károly,Budapest,1671004 ,https://hu.wikipedia.org/wiki/Budapest,1901.11.19
Futács Márkó,Budapest,1671004 ,https://hu.wikipedia.org/wiki/Budapest,1990.02.22
Futó Gyula,Újpest,City data not found,https://hu.wikipedia.org/wiki/Újpest,1908.12.29
Füzér János,Temesvár,250849 ,https://hu.wikipedia.org/wiki/Temesvár,1916.10.17
Füzi Ákos,Kapuvár,9953 ,https://hu.wikipedia.org/wiki/Kapuvár,1978.03.24
Füzi Gábor,Budapest,1671004 ,https://hu.wikipedia.org/wiki/Budapest,1916.10.15
G. Tóth Péter,Battonya,4966 ,https://hu.wikipedia.org/wiki/Battonya,1913.02.01
Gabrovitz Emil,Budapest,1671004 ,https://hu.wikipedia.org/wiki/Budapest,1876.02.09
Gallina Károly,Budapest,1671004 ,https://hu.wikipedia.org/wiki/Budapest,1907.11.05
Garaba Imre,Vác,34040 ,https://hu.wikipedia.org/wiki/Vác,1958.07.29
Gáspár József,Budapest,1671004 ,https://hu.wikipedia.org/wiki/Budapest,1955.06.28
Gazdag Dániel,Nyíregyháza,115711 ,https://hu.wikipedia.org/wiki/Nyíregyháza,1996.03.02
Géczi István,Sajóörös,1490 ,https://hu.wikipedia.org/wiki/Sajóörös,1944.03.16
Gelei József,Kunmadaras,4989 ,https://hu.wikipedia.org/wiki/Kunmadaras,1938.06.29
Gelei Károly,Budapest,1671004 ,https://hu.wikipedia.org/wiki/Budapest,1964.12.07
Gellér Sándor,Vesszős,1028 ,https://hu.wikipedia.org/wiki/Vesszős,1925.07.12
Gencsy Dezső,Budapest,1671004 ,https://hu.wikipedia.org/wiki/Budapest,1897.11.02
Gera Zoltán,Pécs,,https://hu.wikipedia.org/wiki/Pécs,1979.04.22
Géresi Krisztián,Székesfehérvár,95915 ,https://hu.wikipedia.org/wiki/Székesfehérvár,1994.06.14
Geress Zoltán,Budapest,1671004 ,https://hu.wikipedia.org/wiki/Budapest,1970.06.12
Gilicz István,Kaposvár,59270 ,https://hu.wikipedia.org/wiki/Kaposvár,1934.08.20
Gilly-Goldberger Pál,Bécs,,https://hu.wikipedia.org/wiki/Bécs,1881.01.14
Ging József,Budapest,1671004 ,https://hu.wikipedia.org/wiki/Budapest,1891.11.27
Gőcze Sándor,Tapolca,14206 ,https://hu.wikipedia.org/wiki/Tapolca,1921.11.29
Godán Lajos,Budapest,1671004 ,https://hu.wikipedia.org/wiki/Budapest,1952.01.21
Göröcs János,Gánt,745 ,https://hu.wikipedia.org/wiki/Gánt,1939.05.08
Gorszky Tivadar,Budapest,1671004 ,https://hu.wikipedia.org/wiki/Budapest,1883.10.24
Gregor József,Budapest,1671004 ,https://hu.wikipedia.org/wiki/Budapest,1963.11.30
Grosics Gyula,Dorog,11424 ,https://hu.wikipedia.org/wiki/Dorog,1926.02.04
Grósz Dezső,Baja,33142 ,https://hu.wikipedia.org/wiki/Baja,1898.09.19
Grósz József,?,Page not found,,1883.11.15
Gujdár Sándor,Szentes,25417 ,https://hu.wikipedia.org/wiki/Szentes,1951.11.08
Gulácsi Péter,Budapest,1671004 ,https://hu.wikipedia.org/wiki/Budapest,1990.05.06
Guttmann Béla,Budapest,1671004 ,https://hu.wikipedia.org/wiki/Budapest,1899.01.27
Guzmics Richárd,Szombathely,78446 ,https://hu.wikipedia.org/wiki/Szombathely,1987.04.16
Gyarmati János,Tápiószele,5928 ,https://hu.wikipedia.org/wiki/Tápiószele,1910.02.08
Gyepes Gábor,Budapest,1671004 ,https://hu.wikipedia.org/wiki/Budapest,1981.06.26
Gyetvai László,Zólyom,42476 ,https://hu.wikipedia.org/wiki/Zólyom,1918.12.11
Gyimesi László,Budapest,1671004 ,https://hu.wikipedia.org/wiki/Budapest,1957.09.08
Gyömbér Gábor,Makó,21913 ,https://hu.wikipedia.org/wiki/Makó,1988.02.27
Győri János,Komló,City data not found,https://hu.wikipedia.org/wiki/Komló,1976.09.10
Győri József,?,Page not found,,1910.09.03
Gyurcsó Ádám,Tatabánya,65874 ,https://hu.wikipedia.org/wiki/Tatabánya,1991.03.06
Gyurik László,Szeged,158829 ,https://hu.wikipedia.org/wiki/Szeged,1925.07.05
Háda József,Budapest,1671004 ,https://hu.wikipedia.org/wiki/Budapest,1911.03.02
Hahn Árpád,Paks,17827 ,https://hu.wikipedia.org/wiki/Paks,1965.03.12
Hahn János,Szekszárd,30057 ,https://hu.wikipedia.org/wiki/Szekszárd,1995.03.15
Hajdu Attila,Budapest,1671004 ,https://hu.wikipedia.org/wiki/Budapest,1971.04.13
Hajnal Tamás,Esztergom,,https://hu.wikipedia.org/wiki/Esztergom,1981.03.15
Hajós Alfréd,Budapest,1671004 ,https://hu.wikipedia.org/wiki/Budapest,1878.02.01
Hajós Árpád,Budapest,1671004 ,https://hu.wikipedia.org/wiki/Budapest,1902.03.15
Hajszán Gyula,Sopron,61784 ,https://hu.wikipedia.org/wiki/Sopron,1961.10.09
Halász István,Rakamaz,4179 ,https://hu.wikipedia.org/wiki/Rakamaz,1951.10.12
Halmai Gábor,Székesfehérvár,95915 ,https://hu.wikipedia.org/wiki/Székesfehérvár,1972.01.07
Halmosi Péter,Szombathely,78446 ,https://hu.wikipedia.org/wiki/Szombathely,1979.09.25
Halmosi Zoltán,Bozzai,291 ,https://hu.wikipedia.org/wiki/Bozzai,1947.06.28
Hamar István,Budapest,1671004 ,https://hu.wikipedia.org/wiki/Budapest,1970.10.06
Hámori Ferenc,Budapest,1671004 ,https://hu.wikipedia.org/wiki/Budapest,1972.10.14
Hámori László,Tapolca,14206 ,https://hu.wikipedia.org/wiki/Tapolca,1914.03.29
Handel György,Budapest,1671004 ,https://hu.wikipedia.org/wiki/Budapest,1959.03.20
Hangya Szilveszter,Baja,33142 ,https://hu.wikipedia.org/wiki/Baja,1994.01.02
Hannich Péter,Győr,130020 ,https://hu.wikipedia.org/wiki/Győr,1957.03.30
Harangozó Sándor,Kispest,,https://hu.wikipedia.org/wiki/Kispest,1913.02.05
Harsányi László,Budapest,1671004 ,https://hu.wikipedia.org/wiki/Budapest,1951.03.13
Heffler Tibor,Dunaújváros,41873 ,https://hu.wikipedia.org/wiki/Dunaújváros,1987.05.17
Hegedűs András,Budapest,1671004 ,https://hu.wikipedia.org/wiki/Budapest,1922.10.25
Hegyi Sándor,Dombóvár,17300 ,https://hu.wikipedia.org/wiki/Dombóvár,1932.04.03
Henni Géza,Szarvas,City data not found,https://hu.wikipedia.org/wiki/Szarvas,1926.07.15
Hercegfalvi Zoltán,Budapest,1671004 ,https://hu.wikipedia.org/wiki/Budapest,1979.12.31
Herczeg Miklós,Zalaszentgrót,5775 ,https://hu.wikipedia.org/wiki/Zalaszentgrót,1974.03.26
Herédi Attila,Jánoshalma,7984 ,https://hu.wikipedia.org/wiki/Jánoshalma,1959.01.02
Hidegkuti Nándor,Budapest,1671004 ,https://hu.wikipedia.org/wiki/Budapest,1922.03.03
Himmer Rezső,Budapest,1671004 ,https://hu.wikipedia.org/wiki/Budapest,1900.05.14
Híres Ferenc,Budapest,1671004 ,https://hu.wikipedia.org/wiki/Budapest,1902.11.21
Híres Gábor,Budapest,1671004 ,https://hu.wikipedia.org/wiki/Budapest,1958.02.26
Hlavay György,Budapest,1671004 ,https://hu.wikipedia.org/wiki/Budapest,1888.01.04
Holender Filip,Kragujevac,150623 ,https://hu.wikipedia.org/wiki/Kragujevac,1994.07.27
Holits Ödön,Tura,7735 ,https://hu.wikipedia.org/wiki/Tura,1886.12.07
Holman Dávid,Budapest,1671004 ,https://hu.wikipedia.org/wiki/Budapest,1993.03.17
Holzbauer József,Szombathely,78446 ,https://hu.wikipedia.org/wiki/Szombathely,1900.07.22
Hönich Lajos,Budapest,1671004 ,https://hu.wikipedia.org/wiki/Budapest,1887.09.25
Hóri György,?,Page not found,,1908.02.03
Horváth András,Szombathely,78446 ,https://hu.wikipedia.org/wiki/Szombathely,1980.08.06
Horváth Attila,Zalaegerszeg,55433 ,https://hu.wikipedia.org/wiki/Zalaegerszeg,1971.01.23
Horváth Csaba,Budapest,1671004 ,https://hu.wikipedia.org/wiki/Budapest,1969.03.07
Horváth Ferenc,,Page not found,,1914
Horváth Ferenc,Szolnok,67126 ,https://hu.wikipedia.org/wiki/Szolnok,1920.08.15
Horváth Ferenc,Budapest,1671004 ,https://hu.wikipedia.org/wiki/Budapest,1973.05.06
Horváth Gábor,Székesfehérvár,95915 ,https://hu.wikipedia.org/wiki/Székesfehérvár,1985.07.04
Horváth György,Körmend,10255 ,https://hu.wikipedia.org/wiki/Körmend,1929.03.07
Horváth Gyula,Budapest,1671004 ,https://hu.wikipedia.org/wiki/Budapest,1888.12.13
Horváth József,Budapest,1671004 ,https://hu.wikipedia.org/wiki/Budapest,1949.05.21
Horváth József,?,Page not found,,1890.09.25
Horváth Károly,Gyula,City data not found,https://hu.wikipedia.org/wiki/Gyula,1920.08.28
Horváth Krisztofer,Hévíz,4509 ,https://hu.wikipedia.org/wiki/Hévíz,2002.01.08
Horváth László,Körmend,10255 ,https://hu.wikipedia.org/wiki/Körmend,1901.09.03
Hrepka Ádám,Szeged,158829 ,https://hu.wikipedia.org/wiki/Szeged,1987.04.15
Hrutka János,Budapest,1671004 ,https://hu.wikipedia.org/wiki/Budapest,1974.10.26
Huber Rezső,?,Page not found,,1903.09.03
Hungler János,Budapest,1671004 ,https://hu.wikipedia.org/wiki/Budapest,1900.12.19
Huszti Szabolcs,Miskolc,145248 ,https://hu.wikipedia.org/wiki/Miskolc,1983.04.18
Ihász Kálmán,Budapest,1671004 ,https://hu.wikipedia.org/wiki/Budapest,1941.03.06
Ilku István,Budapest,1671004 ,https://hu.wikipedia.org/wiki/Budapest,1933.03.06
Illés Béla,Sárvár,15003 ,https://hu.wikipedia.org/wiki/Sárvár,1968.04.27
Illovszky Rudolf,Budapest,1671004 ,https://hu.wikipedia.org/wiki/Budapest,1922.02.21
Ivanics László,Budapest,1671004 ,https://hu.wikipedia.org/wiki/Budapest,1966.11.01
Izsó Ignác,Tarján,City data not found,https://hu.wikipedia.org/wiki/Tarján,1956.02.22
Izsó László,Budapest,1671004 ,https://hu.wikipedia.org/wiki/Budapest,1886.07.22
Jagodics Zoltán,Kőszeg,11723 ,https://hu.wikipedia.org/wiki/Kőszeg,1969.07.29
Jancsika Károly,Gödöllő,32688 ,https://hu.wikipedia.org/wiki/Gödöllő,1955.11.13
Jávor Pál,Újpest,City data not found,https://hu.wikipedia.org/wiki/Újpest,1907.02.05
Jelinek Tivadar,Budapest,1671004 ,https://hu.wikipedia.org/wiki/Budapest,1898.02.21
Jeny Rudolf,Budapest,1671004 ,https://hu.wikipedia.org/wiki/Budapest,1901.03.02
Jeszmás József,Bécs,,https://hu.wikipedia.org/wiki/Bécs,1897.02.08
Jován Róbert,Budapest,1671004 ,https://hu.wikipedia.org/wiki/Budapest,1967.11.04
Józsa Zoltán,Mezőkovácsháza,5335 ,https://hu.wikipedia.org/wiki/Mezőkovácsháza,1924.10.01
Juhár Tamás,Sátoraljaújhely,,https://hu.wikipedia.org/wiki/Sátoraljaújhely,1972.11.20
Juhász István,Budapest,1671004 ,https://hu.wikipedia.org/wiki/Budapest,1945.07.17
Juhász Lajos,,Page not found,,1906.08.25
Juhász Péter,Losonc,25902 ,https://hu.wikipedia.org/wiki/Losonc,1948.08.03
Juhász Roland,Cegléd,36344 ,https://hu.wikipedia.org/wiki/Cegléd,1983.07.01
Kabát Péter,Budapest,1671004 ,https://hu.wikipedia.org/wiki/Budapest,1977.09.25
Kádár Tamás,Veszprém,56777 ,https://hu.wikipedia.org/wiki/Veszprém,1990.03.14
Kakas László,Ecséd,3067 ,https://hu.wikipedia.org/wiki/Ecséd,1954.01.09
Kállai Lipót,Újpest,City data not found,https://hu.wikipedia.org/wiki/Újpest,1912.12.27
Kalmár Jenő,Mocsolád,City data not found,https://hu.wikipedia.org/wiki/Mocsolád,1908.03.21
Kalmár Zsolt,Győr,130020 ,https://hu.wikipedia.org/wiki/Győr,1995.06.09
Kalocsay Géza,Beregszász,23325 ,https://hu.wikipedia.org/wiki/Beregszász,1913.05.30
Kámán Attila,Zalaegerszeg,55433 ,https://hu.wikipedia.org/wiki/Zalaegerszeg,1969.11.20
Kanta József,Budapest,1671004 ,https://hu.wikipedia.org/wiki/Budapest,1984.03.24
Kántor Mihály,Szolnok,67126 ,https://hu.wikipedia.org/wiki/Szolnok,1952.03.27
Kanyaurek István,Budapest,1671004 ,https://hu.wikipedia.org/wiki/Budapest,1889.04.28
Kapcsos Vince,Budapest,1671004 ,https://hu.wikipedia.org/wiki/Budapest,1981.10.15
Káposzta Benő,Budapest,1671004 ,https://hu.wikipedia.org/wiki/Budapest,1942.06.07
Kardos Ernő,Kecskemét,109731 ,https://hu.wikipedia.org/wiki/Kecskemét,1954.07.30
Kardos István,Rákosfalva,City data not found,https://hu.wikipedia.org/wiki/Rákosfalva,1915.01.17
Kardos József,Nagybátony,,https://hu.wikipedia.org/wiki/Nagybátony,1960.03.22
Károly Jenő,Kaposvár,59270 ,https://hu.wikipedia.org/wiki/Kaposvár,1886.01.15
Károlyi József,Diósgyőr,18065 ,https://hu.wikipedia.org/wiki/Diósgyőr,1925.05.25
Kárpáti Béla,Felsőgalla,,https://hu.wikipedia.org/wiki/Felsőgalla,1929.09.30
Kárpáti Pál,Budapest,1671004 ,https://hu.wikipedia.org/wiki/Budapest,1909.01.31
Karsai László,Budapest,1671004 ,https://hu.wikipedia.org/wiki/Budapest,1947.12.05
Kata Mihály,Budapest,1671004 ,https://hu.wikipedia.org/wiki/Budapest,2002.04.13
Katona György,Budapest,1671004 ,https://hu.wikipedia.org/wiki/Budapest,1960.04.16
Katzer Károly,Csepel,City data not found,https://hu.wikipedia.org/wiki/Csepel,1896.05.20
Katzirz Béla,Budapest,1671004 ,https://hu.wikipedia.org/wiki/Budapest,1953.04.27
Kautzky József,Alsótold,231 ,https://hu.wikipedia.org/wiki/Alsótold,1902.10.18
Kecskés Ákos,Hódmezővásárhely,41944 ,https://hu.wikipedia.org/wiki/Hódmezővásárhely,1996.01.04
Kecskés Zoltán,Budapest,1671004 ,https://hu.wikipedia.org/wiki/Budapest,1965.11.24
Kehrling Béla,Szepesszombat,2979 ,https://hu.wikipedia.org/wiki/Szepesszombat,1891.01.25
Kékesi Rezső,Budapest,1671004 ,https://hu.wikipedia.org/wiki/Budapest,1958.01.11
Kelemen Béla,Kolozsvár,286598 ,https://hu.wikipedia.org/wiki/Kolozsvár,1887.02.19
Kelemen Gusztáv,Budapest,1671004 ,https://hu.wikipedia.org/wiki/Budapest,1956.09.02
Kelemen József,Hatvan,20480 ,https://hu.wikipedia.org/wiki/Hatvan,1948.05.30
Keller József,Nagykanizsa,43188 ,https://hu.wikipedia.org/wiki/Nagykanizsa,1965.09.25
Kemény Tibor,Budapest,1671004 ,https://hu.wikipedia.org/wiki/Budapest,1913.03.05
Kenesei Krisztián,Budapest,1671004 ,https://hu.wikipedia.org/wiki/Budapest,1977.01.07
Kerekes Attila,Budapest,1671004 ,https://hu.wikipedia.org/wiki/Budapest,1954.04.04
Kerekes György,Debrecen,201582 ,https://hu.wikipedia.org/wiki/Debrecen,1956.08.08
Kerekes Zsombor,Zenta,20302 ,https://hu.wikipedia.org/wiki/Zenta,1973.09.13
Kereki Zoltán,Kőszeg,11723 ,https://hu.wikipedia.org/wiki/Kőszeg,1953.07.13
Keresztúri András,Cegléd,36344 ,https://hu.wikipedia.org/wiki/Cegléd,1967.11.02
Kéri Károly,Budapest,1671004 ,https://hu.wikipedia.org/wiki/Budapest,1920.02.09
Kerkez Milos,Verbász,24112 ,https://hu.wikipedia.org/wiki/Verbász,2003.11.07
Kertay Lajos,Budapest,1671004 ,https://hu.wikipedia.org/wiki/Budapest,1883.09.02
Kertész Adolf,Kisfalud,City data not found,https://hu.wikipedia.org/wiki/Kisfalud,1892.03.15
Kertész Géza,Budapest,1671004 ,https://hu.wikipedia.org/wiki/Budapest,1894.11.21
Kertész Gyula,Kiskálna,,https://hu.wikipedia.org/wiki/Kiskálna,1888.02.29
Kertész Tamás,Budapest,1671004 ,https://hu.wikipedia.org/wiki/Budapest,1929.04.01
Kertész Vilmos,Barskisfalud,463 ,https://hu.wikipedia.org/wiki/Barskisfalud,1890.03.21
Késmárky Ákos,?,Page not found,,1886.11.13
Keszthelyi Mihály,Budapest,1671004 ,https://hu.wikipedia.org/wiki/Budapest,1922.12.11
Kincses Mihály,Pestszentlőrinc,,https://hu.wikipedia.org/wiki/Pestszentlőrinc,1918.09.01
Kiprich József,Tatabánya,65874 ,https://hu.wikipedia.org/wiki/Tatabánya,1963.09.06
Kirádi Ervin,Budapest,1671004 ,https://hu.wikipedia.org/wiki/Budapest,1925.03.23
Király Gábor,Szombathely,78446 ,https://hu.wikipedia.org/wiki/Szombathely,1976.04.01
Király Sándor,Budapest,1671004 ,https://hu.wikipedia.org/wiki/Budapest,1913.04.17
Kis Károly,Podivin,2974,https://en.wikipedia.org/wiki/Podivin,1912.02.23
Kisalagi János,Újpest,City data not found,https://hu.wikipedia.org/wiki/Újpest,1912.08.28
Kisfaludy Árpád János,Nagykanizsa,43188 ,https://hu.wikipedia.org/wiki/Nagykanizsa,1884.10.18
Kispéter Mihály,Szeged,158829 ,https://hu.wikipedia.org/wiki/Szeged,1919.10.09
Kiss Béla,Budapest,1671004 ,https://hu.wikipedia.org/wiki/Budapest,1890.12.03
Kiss Gyula,Budapest,1671004 ,https://hu.wikipedia.org/wiki/Budapest,1916.05.14
Kiss Gyula,Sátoraljaújhely,,https://hu.wikipedia.org/wiki/Sátoraljaújhely,1881.10.23
Kiss János,Hajdúböszörmény,29574 ,https://hu.wikipedia.org/wiki/Hajdúböszörmény,1952.08.28
Kiss László,Taszár,1732 ,https://hu.wikipedia.org/wiki/Taszár,1956.03.12
Kiss Sándor,Szekszárd,30057 ,https://hu.wikipedia.org/wiki/Szekszárd,1956.11.02
Kiss Tamás,Győr,130020 ,https://hu.wikipedia.org/wiki/Győr,2000.11.24
Kiss Tibor,Budapest,1671004 ,https://hu.wikipedia.org/wiki/Budapest,1949.10.11
Kiss Zoltán,Püspökladány,13180 ,https://hu.wikipedia.org/wiki/Püspökladány,1980.08.18
Kiszely István,Újpest,City data not found,https://hu.wikipedia.org/wiki/Újpest,1913.12.21
Kisznyér Sándor,Kiskunfélegyháza,28803 ,https://hu.wikipedia.org/wiki/Kiskunfélegyháza,1958.01.11
Klausz László,Tatabánya,65874 ,https://hu.wikipedia.org/wiki/Tatabánya,1971.06.24
Kleinheisler László,Kazincbarcika,24373 ,https://hu.wikipedia.org/wiki/Kazincbarcika,1994.04.08
Kleisz Márk,Budapest,1671004 ,https://hu.wikipedia.org/wiki/Budapest,1998.07.02
Klement Engelbert,Innsbruck,130585 ,https://hu.wikipedia.org/wiki/Innsbruck,1894.11.17
Knapp Miksa,Rajka,5630 ,https://hu.wikipedia.org/wiki/Rajka,1890.07.14
Koch Nándor,Kolozsvár,286598 ,https://hu.wikipedia.org/wiki/Kolozsvár,1885.07.07
Kocsis Ferenc,Budapest,1671004 ,https://hu.wikipedia.org/wiki/Budapest,1904.01.28
Kocsis Ferenc,?,Page not found,,1891.06.29
Kocsis Géza,Pozsony,475503 ,https://hu.wikipedia.org/wiki/Pozsony,1910.11.25
Kocsis István,Csorna,9680 ,https://hu.wikipedia.org/wiki/Csorna,1949.10.06
Kocsis Lajos,Szeged,158829 ,https://hu.wikipedia.org/wiki/Szeged,1947.06.17
Kocsis Sándor,Budapest,1671004 ,https://hu.wikipedia.org/wiki/Budapest,1929.09.21
Kőhalmi Gábor,Szombathely,78446 ,https://hu.wikipedia.org/wiki/Szombathely,1955.10.31
Kohut Vilmos,Pestszentlőrinc,,https://hu.wikipedia.org/wiki/Pestszentlőrinc,1906.07.17
Kolár Endre,Budapest,1671004 ,https://hu.wikipedia.org/wiki/Budapest,1950.02.17
Kolláth Ferenc,Szolnok,67126 ,https://hu.wikipedia.org/wiki/Szolnok,1914.10.06
Koller Ákos,Szilágycseh,4289 ,https://hu.wikipedia.org/wiki/Szilágycseh,1974.09.04
Koltai József,Budapest,1671004 ,https://hu.wikipedia.org/wiki/Budapest,1882.02.07
Koltai Tamás,Győr,130020 ,https://hu.wikipedia.org/wiki/Győr,1987.04.30
Koman Vladimir,Ungvár,115449 ,https://hu.wikipedia.org/wiki/Ungvár,1989.03.16
Komáromi Tibor,Debrecen,201582 ,https://hu.wikipedia.org/wiki/Debrecen,1930.05.28
Komjáti András,Győr,130020 ,https://hu.wikipedia.org/wiki/Győr,1953.11.20
Komlósi Ádám,Kazincbarcika,24373 ,https://hu.wikipedia.org/wiki/Kazincbarcika,1977.12.06
Komora Imre,Budapest,1671004 ,https://hu.wikipedia.org/wiki/Budapest,1940.06.05
Kompóti-Kléber Gábor,Budapest,1671004 ,https://hu.wikipedia.org/wiki/Budapest,1901.05.23
Konrád János,Hercegszentmárton,394 ,https://hu.wikipedia.org/wiki/Hercegszentmárton,1946.08.22
Konrád Jenő,Palánka,City data not found,https://hu.wikipedia.org/wiki/Palánka,1894.08.13
Konrád Kálmán,Palánka,City data not found,https://hu.wikipedia.org/wiki/Palánka,1896.05.23
Kónya József,Ercsi,8136 ,https://hu.wikipedia.org/wiki/Ercsi,1920.03.06
Könyves Norbert,Zenta,20302 ,https://hu.wikipedia.org/wiki/Zenta,1989.06.10
Koplárovics Béla,Barcs,9845 ,https://hu.wikipedia.org/wiki/Barcs,1981.06.07
Korányi Lajos,Szeged,158829 ,https://hu.wikipedia.org/wiki/Szeged,1907.05.15
Korányi Mátyás,Szeged,158829 ,https://hu.wikipedia.org/wiki/Szeged,1910.02.24
Korcsmár Zsolt,Komló,City data not found,https://hu.wikipedia.org/wiki/Komló,1989.01.09
Korhut Mihály,Miskolc,145248 ,https://hu.wikipedia.org/wiki/Miskolc,1988.12.01
Koródy Károly,Látrány,1365 ,https://hu.wikipedia.org/wiki/Látrány,1887.02.08
Korolovszky Gábor,Budapest,1671004 ,https://hu.wikipedia.org/wiki/Budapest,1979.07.11
Korsós Attila,Győr,130020 ,https://hu.wikipedia.org/wiki/Győr,1971.12.25
Korsós György,Győr,130020 ,https://hu.wikipedia.org/wiki/Győr,1976.08.22
Korsós István,Budapest,1671004 ,https://hu.wikipedia.org/wiki/Budapest,1941.07.30
Kósa Lajos,?,Page not found,,1898.06.11
Kőszegi György,Budapest,1671004 ,https://hu.wikipedia.org/wiki/Budapest,1888.10.22
Koszta János,Sajószentpéter,11274 ,https://hu.wikipedia.org/wiki/Sajószentpéter,1959.03.18
Kotász Antal,Vasvár,3946 ,https://hu.wikipedia.org/wiki/Vasvár,1929.09.01
Kovács Attila,Pécs,,https://hu.wikipedia.org/wiki/Pécs,1956.02.24
Kovács Béla,Budapest,1671004 ,https://hu.wikipedia.org/wiki/Budapest,1952.08.09
Kovács Béla,Budapest,1671004 ,https://hu.wikipedia.org/wiki/Budapest,1977.03.30
Kovács Elemér,Budapest,1671004 ,https://hu.wikipedia.org/wiki/Budapest,1890.06.30
Kovács Ervin,Bercel,1747 ,https://hu.wikipedia.org/wiki/Bercel,1967.01.24
Kovács Ferenc,Budapest,1671004 ,https://hu.wikipedia.org/wiki/Budapest,1934.01.07
Kovács Imre,Budapest,1671004 ,https://hu.wikipedia.org/wiki/Budapest,1921.11.26
Kovács Imre Pál,Győr,130020 ,https://hu.wikipedia.org/wiki/Győr,1917.11.25
Kovács István,Szombathely,78446 ,https://hu.wikipedia.org/wiki/Szombathely,1992.03.27
Kovács István,Salgótarján,31223 ,https://hu.wikipedia.org/wiki/Salgótarján,1953.04.21
Kovács János,Temesvár,250849 ,https://hu.wikipedia.org/wiki/Temesvár,1919.03.13
Kovács József,Balatonlelle,5018 ,https://hu.wikipedia.org/wiki/Balatonlelle,1949.04.08
Kovács József,Veszprém,56777 ,https://hu.wikipedia.org/wiki/Veszprém,1966.07.31
Kovács József,Budapest,1671004 ,https://hu.wikipedia.org/wiki/Budapest,1923.07.29
Kovács Kálmán,Budapest,1671004 ,https://hu.wikipedia.org/wiki/Budapest,1965.09.11
Kovács Lajos,Budapest,1671004 ,https://hu.wikipedia.org/wiki/Budapest,1894.04.27
Kovács László,Tatabánya,65874 ,https://hu.wikipedia.org/wiki/Tatabánya,1951.04.24
Kovács Miklós,Mehádia,2093 ,https://hu.wikipedia.org/wiki/Mehádia,1911.12.29
Kovács Péter,Salgótarján,31223 ,https://hu.wikipedia.org/wiki/Salgótarján,1978.02.07
Kovács Zoltán,Budapest,1671004 ,https://hu.wikipedia.org/wiki/Budapest,1973.09.24
Kovácsik Ádám,Budapest,1671004 ,https://hu.wikipedia.org/wiki/Budapest,1991.04.04
Kovácsy Béla,Nyíregyháza,115711 ,https://hu.wikipedia.org/wiki/Nyíregyháza,1904.08.31
Kozma István,Pásztó,8545 ,https://hu.wikipedia.org/wiki/Pásztó,1964.12.03
Kozma Mihály,Tápé,,https://hu.wikipedia.org/wiki/Tápé,1949.09.01
Krempels Béla,Budapest,1671004 ,https://hu.wikipedia.org/wiki/Budapest,1888.12.15
Kripkó József,Miskolc,145248 ,https://hu.wikipedia.org/wiki/Miskolc,1901.03.01
Kriston Attila,Budapest,1671004 ,https://hu.wikipedia.org/wiki/Budapest,1975.06.06
Kropacsek Ferenc,Budapest,1671004 ,https://hu.wikipedia.org/wiki/Budapest,1899.09.07
Kruczler István,Szombathely,78446 ,https://hu.wikipedia.org/wiki/Szombathely,1897.10.06
Kű Lajos,Székesfehérvár,95915 ,https://hu.wikipedia.org/wiki/Székesfehérvár,1948.07.05
Kubala László,Budapest,1671004 ,https://hu.wikipedia.org/wiki/Budapest,1927.06.10
Kuharszki Béla,Budapest,1671004 ,https://hu.wikipedia.org/wiki/Budapest,1940.04.29
Kürschner Izidor,Budapest,1671004 ,https://hu.wikipedia.org/wiki/Budapest,1885.03.23
Kutasi László,Kiskunfélegyháza,28803 ,https://hu.wikipedia.org/wiki/Kiskunfélegyháza,1949.07.29
Kuti István,Budapest,1671004 ,https://hu.wikipedia.org/wiki/Budapest,1938.07.22
Kuti László,Székesfehérvár,95915 ,https://hu.wikipedia.org/wiki/Székesfehérvár,1954.10.23
Kuttor Attila,Miskolc,145248 ,https://hu.wikipedia.org/wiki/Miskolc,1970.05.29
Kvasz János,Békéscsaba,55091 ,https://hu.wikipedia.org/wiki/Békéscsaba,1905.06.14
Kvaszta Lajos,Sajószentpéter,11274 ,https://hu.wikipedia.org/wiki/Sajószentpéter,1959.05.25
Laborcz Lajos,Cegléd,36344 ,https://hu.wikipedia.org/wiki/Cegléd,1920.08.19
Laczkó Zsolt,Szeged,158829 ,https://hu.wikipedia.org/wiki/Szeged,1986.12.18
Lakat Károly dr.,Győr,130020 ,https://hu.wikipedia.org/wiki/Győr,1920.11.27
Lakatos Ferenc,Győr,130020 ,https://hu.wikipedia.org/wiki/Győr,1965.08.31
Lakinger Lajos,Ősi,1965 ,https://hu.wikipedia.org/wiki/Ősi,1943.05.23
Lakos Pál,Kapuvár,9953 ,https://hu.wikipedia.org/wiki/Kapuvár,1974.01.21
Lang Ádám,Veszprém,56777 ,https://hu.wikipedia.org/wiki/Veszprém,1993.01.17
Lantos Mihály,Budapest,1671004 ,https://hu.wikipedia.org/wiki/Budapest,1928.09.29
Lázár Gyula,Füzesgyarmat,4959 ,https://hu.wikipedia.org/wiki/Füzesgyarmat,1911.01.24
Lázár Pál,Debrecen,201582 ,https://hu.wikipedia.org/wiki/Debrecen,1988.03.11
Lázok János,Elek,City data not found,https://hu.wikipedia.org/wiki/Elek,1984.10.04
Leandro de Almeida,Cornélio Procópio,47842,https://en.wikipedia.org/wiki/Cornélio_Procópio,1982.03.19
Leitner Hermann,Frankfurt am Main,773068 ,https://hu.wikipedia.org/wiki/Frankfurt_am_Main,1901.12.02
Lendvai Miklós,Zalaegerszeg,55433 ,https://hu.wikipedia.org/wiki/Zalaegerszeg,1975.04.07
Lenkei Sándor,Újpest,City data not found,https://hu.wikipedia.org/wiki/Újpest,1936.11.09
Lhottka Ferenc,?,Page not found,,1896
Ligeti Jenő,Budapest,1671004 ,https://hu.wikipedia.org/wiki/Budapest,1905.08.14
Limperger Zsolt,Pápa,City data not found,https://hu.wikipedia.org/wiki/Pápa,1968.09.13
Lipcsei Péter,Kazincbarcika,24373 ,https://hu.wikipedia.org/wiki/Kazincbarcika,1972.03.28
Lipták Zoltán,Salgótarján,31223 ,https://hu.wikipedia.org/wiki/Salgótarján,1984.12.10
Lisztes Krisztián,Budapest,1671004 ,https://hu.wikipedia.org/wiki/Budapest,1976.07.02
Lóránt Gyula,Kőszeg,11723 ,https://hu.wikipedia.org/wiki/Kőszeg,1923.02.06
Lőrincz Emil,Budapest,1671004 ,https://hu.wikipedia.org/wiki/Budapest,1965.09.29
Lovász Ferenc,Komló,City data not found,https://hu.wikipedia.org/wiki/Komló,1967.01.24
Lovrencsics Gergő,Szolnok,67126 ,https://hu.wikipedia.org/wiki/Szolnok,1988.09.01
Lőw Zsolt,Budapest,1671004 ,https://hu.wikipedia.org/wiki/Budapest,1979.04.29
Ludvig Bertalan,Budapest,1671004 ,https://hu.wikipedia.org/wiki/Budapest,1891.03.08
Lukács Sándor,Budapest,1671004 ,https://hu.wikipedia.org/wiki/Budapest,1951.09.20
Lutz Lajos,Újpest,City data not found,https://hu.wikipedia.org/wiki/Újpest,1900.07.19
Lyka Antal,Budapest,1671004 ,https://hu.wikipedia.org/wiki/Budapest,1908.05.29
Machos Ferenc,Tatabánya,65874 ,https://hu.wikipedia.org/wiki/Tatabánya,1932.06.30
Madar Csaba,Püspökladány,13180 ,https://hu.wikipedia.org/wiki/Püspökladány,1974.10.08
Magda Béla,Budapest,1671004 ,https://hu.wikipedia.org/wiki/Budapest,1911.07.07
Magyar Ferenc,?,Page not found,,1905
Magyar István,Tiszapüspöki,1981 ,https://hu.wikipedia.org/wiki/Tiszapüspöki,1955.08.04
Májer Lajos,Sárbogárd,11475 ,https://hu.wikipedia.org/wiki/Sárbogárd,1956.08.24
Majoros Árpád,Szolnok,67126 ,https://hu.wikipedia.org/wiki/Szolnok,1983.12.21
Mándi Gyula,Budapest,1671004 ,https://hu.wikipedia.org/wiki/Budapest,1899.07.14
Mandl Frigyes,Kiszető,674 ,https://hu.wikipedia.org/wiki/Kiszető,1888.08.28
Manglitz Ferenc,?,Page not found,,1883.07.28
Máriási Zsolt,Ózd,30865 ,https://hu.wikipedia.org/wiki/Ózd,1967.10.14
Marik György,Békéscsaba,55091 ,https://hu.wikipedia.org/wiki/Békéscsaba,1924.04.04
Markos Imre,Kispest,,https://hu.wikipedia.org/wiki/Kispest,1908.06.09
Márkvárt Dávid,Szekszárd,30057 ,https://hu.wikipedia.org/wiki/Szekszárd,1994.09.20
Marosvári Béla,Kovászi,2494 ,https://hu.wikipedia.org/wiki/Kovászi,1919.04.07
Marozsán János,Újfehértó,12218 ,https://hu.wikipedia.org/wiki/Újfehértó,1965.05.13
Márton Gábor,Pécs,,https://hu.wikipedia.org/wiki/Pécs,1966.10.15
Martos Győző,Budapest,1671004 ,https://hu.wikipedia.org/wiki/Budapest,1949.12.15
Máté János,Bonyhád,12163 ,https://hu.wikipedia.org/wiki/Bonyhád,1948.12.23
Mathesz Imre,Budapest,1671004 ,https://hu.wikipedia.org/wiki/Budapest,1937.03.25
Mátrai Sándor,Nagyszénás,4416 ,https://hu.wikipedia.org/wiki/Nagyszénás,1932.11.20
Mátyus János,Győr,130020 ,https://hu.wikipedia.org/wiki/Győr,1974.12.20
Medgyessy Iván,Balogfala,780 ,https://hu.wikipedia.org/wiki/Balogfala,1884.06.08
Megyeri Balázs,Budapest,1671004 ,https://hu.wikipedia.org/wiki/Budapest,1990.03.31
Megyesi István,Csanytelek,2537 ,https://hu.wikipedia.org/wiki/Csanytelek,1949.03.31
Mészáros Árpád,Budapest,1671004 ,https://hu.wikipedia.org/wiki/Budapest,1890.07.19
Mészáros Ferenc,Muzsla,City data not found,https://hu.wikipedia.org/wiki/Muzsla,1919.05.05
Mészáros Ferenc,Budapest,1671004 ,https://hu.wikipedia.org/wiki/Budapest,1950.04.11
Mészáros Ferenc,Szekszárd,30057 ,https://hu.wikipedia.org/wiki/Szekszárd,1963.07.06
Mészáros István,Gyöngyösszőlős,78446 ,https://hu.wikipedia.org/wiki/Gyöngyösszőlős,1899.02.04
Mészáros József,Pestszenterzsébet,,https://hu.wikipedia.org/wiki/Pestszenterzsébet,1923.01.16
Mészáros Norbert,Pápa,City data not found,https://hu.wikipedia.org/wiki/Pápa,1980.08.19
Mészöly Géza,Budapest,1671004 ,https://hu.wikipedia.org/wiki/Budapest,1967.02.25
Mészöly Kálmán,Budapest,1671004 ,https://hu.wikipedia.org/wiki/Budapest,1941.07.16
Mike István,Budatétény,10715 ,https://hu.wikipedia.org/wiki/Budatétény,1924.07.06
Mikes Károly,Kispest,,https://hu.wikipedia.org/wiki/Kispest,1913.10.20
Miklósi István,Fiume,107964 ,https://hu.wikipedia.org/wiki/Fiume,1909.12.13
Minder Frigyes,Budapest,1671004 ,https://hu.wikipedia.org/wiki/Budapest,1880.11.28
Miriuta László,Nagybánya,107434 ,https://hu.wikipedia.org/wiki/Nagybánya,1968.09.19
Mocsi Attila,Lakszakállas,1203 ,https://hu.wikipedia.org/wiki/Lakszakállas,2000.05.29
Moldván Miklós,Budapest,1671004 ,https://hu.wikipedia.org/wiki/Budapest,1954.10.03
Molnár Balázs,Zalaegerszeg,55433 ,https://hu.wikipedia.org/wiki/Zalaegerszeg,1977.07.01
Molnár Dezső,Magyarlak,761 ,https://hu.wikipedia.org/wiki/Magyarlak,1939.12.12
Molnár Ferenc,Budapest,1671004 ,https://hu.wikipedia.org/wiki/Budapest,1884.11.28
Molnár György,Budapest,1671004 ,https://hu.wikipedia.org/wiki/Budapest,1901.02.12
Molnár Imre,Budapest,1671004 ,https://hu.wikipedia.org/wiki/Budapest,1885.10.30
Molnár János,Budapest,1671004 ,https://hu.wikipedia.org/wiki/Budapest,1931.05.14
Molnár Ödön,Budapest,1671004 ,https://hu.wikipedia.org/wiki/Budapest,1891.03.25
Mónos Tamás,Simontornya,3581 ,https://hu.wikipedia.org/wiki/Simontornya,1968.01.03
Monostori Tivadar,Felsőgalla,,https://hu.wikipedia.org/wiki/Felsőgalla,1936.08.24
Móré János,Debrecen,201582 ,https://hu.wikipedia.org/wiki/Debrecen,1910.06.20
Mracskó Mihály,Mezőhegyes,4393 ,https://hu.wikipedia.org/wiki/Mezőhegyes,1968.06.13
Mucha József,Máza,1110 ,https://hu.wikipedia.org/wiki/Máza,1951.10.25
Müller Ferenc,Budapest,1671004 ,https://hu.wikipedia.org/wiki/Budapest,1901
Müller József,Zalaszentgrót,5775 ,https://hu.wikipedia.org/wiki/Zalaszentgrót,1884.12.20
Müller Sándor,Budapest,1671004 ,https://hu.wikipedia.org/wiki/Budapest,1948.09.21
Nádler Henrik,Budapest,1671004 ,https://hu.wikipedia.org/wiki/Budapest,1901.03.19
Nagy Ádám,Budapest,1671004 ,https://hu.wikipedia.org/wiki/Budapest,1995.06.17
Nagy András,Vulkán,City data not found,https://hu.wikipedia.org/wiki/Vulkán,1920.10.06
Nagy Antal,?,Page not found,,1913.03.19
Nagy Antal,Nagyhalász,5329 ,https://hu.wikipedia.org/wiki/Nagyhalász,1956.10.17
Nagy Antal,Budapest,1671004 ,https://hu.wikipedia.org/wiki/Budapest,1944.05.16
Nagy Dániel,Gödöllő,32688 ,https://hu.wikipedia.org/wiki/Gödöllő,1991.03.15
Nagy Dominik,Bóly,3713 ,https://hu.wikipedia.org/wiki/Bóly,1995.05.08
Nagy Ferenc,Rákosszentmihály,23098 ,https://hu.wikipedia.org/wiki/Rákosszentmihály,1884.02.21
Nagy Gábor,Szombathely,78446 ,https://hu.wikipedia.org/wiki/Szombathely,1985.10.16
Nagy II. János,Debrecen,201582 ,https://hu.wikipedia.org/wiki/Debrecen,1947.11.23
Nagy III. János,Székesfehérvár,95915 ,https://hu.wikipedia.org/wiki/Székesfehérvár,1950.08.03
Nagy István,Budapest,1671004 ,https://hu.wikipedia.org/wiki/Budapest,1922.03.04
Nagy István,Budapest,1671004 ,https://hu.wikipedia.org/wiki/Budapest,1939.04.14
Nagy János,Budapest,1671004 ,https://hu.wikipedia.org/wiki/Budapest,1903
Nagy József,Nádasd,1289 ,https://hu.wikipedia.org/wiki/Nádasd,1960.10.21
Nagy László,Buzsák,1383 ,https://hu.wikipedia.org/wiki/Buzsák,1949.10.21
Nagy Norbert,Hajdúnánás,16214 ,https://hu.wikipedia.org/wiki/Hajdúnánás,1969.06.28
Nagy Tamás,Budapest,1671004 ,https://hu.wikipedia.org/wiki/Budapest,1976.06.06
Nagy Tibor,Budapest,1671004 ,https://hu.wikipedia.org/wiki/Budapest,1962.09.24
Nagy Zsolt,Székesfehérvár,95915 ,https://hu.wikipedia.org/wiki/Székesfehérvár,1993.05.25
Nagymarosi Mihály,Nagymaros,5085 ,https://hu.wikipedia.org/wiki/Nagymaros,1919.10.06
Nego Loïc,Párizs,2145906 ,https://hu.wikipedia.org/wiki/Párizs,1991.01.15
Nemes István,Budapest,1671004 ,https://hu.wikipedia.org/wiki/Budapest,1906.11.30
Nemes József,Erzsébetfalva,,https://hu.wikipedia.org/wiki/Erzsébetfalva,1911.09.24
Nemes Sándor,Tótkeszi?,1048 ,https://hu.wikipedia.org/wiki/Magyarkeszi,1899.09.25
Németh András,Fokváros,3776313 ,https://hu.wikipedia.org/wiki/Fokváros,2002.11.09
Németh Antal,Budapest,1671004 ,https://hu.wikipedia.org/wiki/Budapest,1919.05.19
Németh Krisztián,Győr,130020 ,https://hu.wikipedia.org/wiki/Győr,1989.01.05
Németh Norbert,Budapest,1671004 ,https://hu.wikipedia.org/wiki/Budapest,1981.05.05
Neuhaus János,Újpest,City data not found,https://hu.wikipedia.org/wiki/Újpest,1901.03.24
Niessner Aladár,Doborján,895 ,https://hu.wikipedia.org/wiki/Doborján,1883.01.22
Nikolics Nemanja,Zenta,20302 ,https://hu.wikipedia.org/wiki/Zenta,1987.12.31
Nikolov Balázs,Bonyhád,12163 ,https://hu.wikipedia.org/wiki/Bonyhád,1977.07.04
Nikolsburger Rezső,Székesfehérvár,95915 ,https://hu.wikipedia.org/wiki/Székesfehérvár,1899.03.21
Nirnsee Gyula,Pozsony,475503 ,https://hu.wikipedia.org/wiki/Pozsony,1883.11.15
Nógrádi Ferenc,Kassa,229040 ,https://hu.wikipedia.org/wiki/Kassa,1940.11.15
Noskó Ernő,Cserhátszentiván,108 ,https://hu.wikipedia.org/wiki/Cserhátszentiván,1945.05.26
Novák Dezső,Ják,2512 ,https://hu.wikipedia.org/wiki/Ják,1939.02.03
Nyers István,Freyming-Merlebach,13027 ,https://hu.wikipedia.org/wiki/Freyming-Merlebach,1924.03.25
Nyilas Elek,Budapest,1671004 ,https://hu.wikipedia.org/wiki/Budapest,1969.05.03
Nyilas Ferenc János,Budapest,1671004 ,https://hu.wikipedia.org/wiki/Budapest,1892.01.10
Nyilasi Tibor,Várpalota,19624 ,https://hu.wikipedia.org/wiki/Várpalota,1955.01.18
Nyúl Ferenc,Dévaványa,6719 ,https://hu.wikipedia.org/wiki/Dévaványa,1894.05.22
Nyúl Vilmos,?,Page not found,,1901.11.13
Obitz Gábor,Budapest,1671004 ,https://hu.wikipedia.org/wiki/Budapest,1899.01.18
Oláh Géza,Salgótarján,31223 ,https://hu.wikipedia.org/wiki/Salgótarján,1925.10.01
Oláh Károly,Bród,45005 ,https://hu.wikipedia.org/wiki/Bród,1884.09.15
Olajkár Károly,Kispest,,https://hu.wikipedia.org/wiki/Kispest,1917.01.16
Olajkár Sándor,Kispest,,https://hu.wikipedia.org/wiki/Kispest,1918.12.03
Ónody Andor,Krasznokvajda,457 ,https://hu.wikipedia.org/wiki/Krasznokvajda,1920.08.03
Opata Zoltán,Budapest,1671004 ,https://hu.wikipedia.org/wiki/Budapest,1900.09.24
Orbán Willi,Kaiserslautern,101228 ,https://hu.wikipedia.org/wiki/Kaiserslautern,1992.11.03
Ordódy Béla,Budapest,1671004 ,https://hu.wikipedia.org/wiki/Budapest,1880.01.13
Orosz Ferenc,Budapest,1671004 ,https://hu.wikipedia.org/wiki/Budapest,1969.10.11
Orosz Péter,Budapest,1671004 ,https://hu.wikipedia.org/wiki/Budapest,1981.08.19
Orth György,Budapest,1671004 ,https://hu.wikipedia.org/wiki/Budapest,1901.04.30
Otigba Kenneth,Kaduna,760084 ,https://hu.wikipedia.org/wiki/Kaduna,1992.08.29
P. Szabó Gábor,Újpest,City data not found,https://hu.wikipedia.org/wiki/Újpest,1902.10.14
Pákozdi László,?,Page not found,,1916.06.30
Pál József,Szolnok,67126 ,https://hu.wikipedia.org/wiki/Szolnok,1950.11.29
Pál Tibor,Budapest,1671004 ,https://hu.wikipedia.org/wiki/Budapest,1935.09.15
Palaczky János,Pécs,,https://hu.wikipedia.org/wiki/Pécs,1968.08.30
Páling Zsolt,Budapest,1671004 ,https://hu.wikipedia.org/wiki/Budapest,1969.02.26
Pálinkás József,Kistelek,7039 ,https://hu.wikipedia.org/wiki/Kistelek,1912.03.10
Palotai János,Békéscsaba,55091 ,https://hu.wikipedia.org/wiki/Békéscsaba,1928.01.23
Palotás István,Budapest,1671004 ,https://hu.wikipedia.org/wiki/Budapest,1908.03.05
Palotás Péter,Budapest,1671004 ,https://hu.wikipedia.org/wiki/Budapest,1929.06.27
Páncsics Miklós,Gara,City data not found,https://hu.wikipedia.org/wiki/Gara,1944.02.04
Papp Lajos László,Budapest,1671004 ,https://hu.wikipedia.org/wiki/Budapest,1906.11.22
Paróczai Sándor,Békéscsaba,55091 ,https://hu.wikipedia.org/wiki/Békéscsaba,1955.12.06
Pásztor József,Vencsellő,3286 ,https://hu.wikipedia.org/wiki/Vencsellő,1954.03.20
Pataki Mihály,Budapest,1671004 ,https://hu.wikipedia.org/wiki/Budapest,1893.12.07
Pátkai Máté,Budapest,1671004 ,https://hu.wikipedia.org/wiki/Budapest,1988.03.06
Patkoló Rezső,Budapest,1671004 ,https://hu.wikipedia.org/wiki/Budapest,1922.10.13
Paulusz Nándor,Újpest,City data not found,https://hu.wikipedia.org/wiki/Újpest,1899.10.15
Payer Imre,Sopronkövesd,1388 ,https://hu.wikipedia.org/wiki/Sopronkövesd,1888.06.01
Pázmándy Sándor,Vecsés,21352 ,https://hu.wikipedia.org/wiki/Vecsés,1912.03.16
Peics Sándor,Pécs,,https://hu.wikipedia.org/wiki/Pécs,1899.10.10
Pénzes Mihály,Sopron,61784 ,https://hu.wikipedia.org/wiki/Sopron,1950.07.30
Perényi József,Temesvár,250849 ,https://hu.wikipedia.org/wiki/Temesvár,1921.07.02
Pesovnik László,Miskolc,145248 ,https://hu.wikipedia.org/wiki/Miskolc,1902.03.11
Pest Krisztián,Mohács,17315 ,https://hu.wikipedia.org/wiki/Mohács,1975.05.07
Péter József,Újpest,City data not found,https://hu.wikipedia.org/wiki/Újpest,1904.01.10
Péter Zoltán,Zalaistvánd,337 ,https://hu.wikipedia.org/wiki/Zalaistvánd,1958.03.23
Pető Tamás,Ajka,26643 ,https://hu.wikipedia.org/wiki/Ajka,1974.06.08
Pető Zoltán,Szolnok,67126 ,https://hu.wikipedia.org/wiki/Szolnok,1974.09.19
Petres Tamás,Székesfehérvár,95915 ,https://hu.wikipedia.org/wiki/Székesfehérvár,1968.09.03
Petry Zsolt,Budapest,1671004 ,https://hu.wikipedia.org/wiki/Budapest,1966.09.23
Pintér Ádám,Balassagyarmat,14036 ,https://hu.wikipedia.org/wiki/Balassagyarmat,1988.06.12
Pintér Attila,Salgótarján,31223 ,https://hu.wikipedia.org/wiki/Salgótarján,1966.05.07
Pintér József,Szigetújfalu,2183 ,https://hu.wikipedia.org/wiki/Szigetújfalu,1917.09.08
Pintér Sándor,Pomáz,18419 ,https://hu.wikipedia.org/wiki/Pomáz,1950.07.18
Pintér Zoltán,Budapest,1671004 ,https://hu.wikipedia.org/wiki/Budapest,1977.11.23
Pipa István,Budapest,1671004 ,https://hu.wikipedia.org/wiki/Budapest,1899.11.17
Pisont István,Orosháza,25472 ,https://hu.wikipedia.org/wiki/Orosháza,1970.05.16
Plattkó Ferenc,Budapest,1671004 ,https://hu.wikipedia.org/wiki/Budapest,1898.12.02
Plókai Attila,Debrecen,201582 ,https://hu.wikipedia.org/wiki/Debrecen,1969.07.17
Plotár Gyula,Kurityán,1471 ,https://hu.wikipedia.org/wiki/Kurityán,1961.05.14
Pluhár István,Tatatóváros,23881 ,https://hu.wikipedia.org/wiki/Tatatóváros,1893.12.10
Póczik József,Győr,130020 ,https://hu.wikipedia.org/wiki/Győr,1953.07.21
Pokorny József,Budapest,1671004 ,https://hu.wikipedia.org/wiki/Budapest,1882.07.13
Polgár Gyula,Kistelek,7039 ,https://hu.wikipedia.org/wiki/Kistelek,1912.02.08
Pollák Zoltán,Budapest,1671004 ,https://hu.wikipedia.org/wiki/Budapest,1984.01.13
Polonkai Attila,Budapest,1671004 ,https://hu.wikipedia.org/wiki/Budapest,1979.06.12
Pölöskei Gábor,Mosonmagyaróvár,34226 ,https://hu.wikipedia.org/wiki/Mosonmagyaróvár,1960.10.11
Poór Patrik,Győr,130020 ,https://hu.wikipedia.org/wiki/Győr,1993.11.15
Pósa Béla,Nagytétény,12045 ,https://hu.wikipedia.org/wiki/Nagytétény,1914.06.25
Posza Zsolt,Lengyeltóti,2876 ,https://hu.wikipedia.org/wiki/Lengyeltóti,1977.05.11
Pótz-Nagy Árpád,Budapest,1671004 ,https://hu.wikipedia.org/wiki/Budapest,1893.11.17
Pozsonyi Imre,Kisbér,5554 ,https://hu.wikipedia.org/wiki/Kisbér,1882.02.26
Preisinger Sándor,Zalaegerszeg,55433 ,https://hu.wikipedia.org/wiki/Zalaegerszeg,1973.12.11
Prém Móric,Ugod,1241 ,https://hu.wikipedia.org/wiki/Ugod,1899.03.10
Preszeller Tamás,Mosonmagyaróvár,34226 ,https://hu.wikipedia.org/wiki/Mosonmagyaróvár,1958.08.24
Priboj István,Újpest,City data not found,https://hu.wikipedia.org/wiki/Újpest,1894.05.02
Priskin Tamás,Komárom,City data not found,https://hu.wikipedia.org/wiki/Komárom,1986.09.27
Pruha Antal,Budapest,1671004 ,https://hu.wikipedia.org/wiki/Budapest,1897.12.16
Puglits Gábor,Budapest,1671004 ,https://hu.wikipedia.org/wiki/Budapest,1967.12.26
Puskás Ferenc,Budapest,1671004 ,https://hu.wikipedia.org/wiki/Budapest,1927.04.01
Puskás Lajos,Tetétlen,1245 ,https://hu.wikipedia.org/wiki/Tetétlen,1944.08.13
Pusztai Ferenc,Budapest,1671004 ,https://hu.wikipedia.org/wiki/Budapest,1910.12.06
Pusztai László,Szentes,25417 ,https://hu.wikipedia.org/wiki/Szentes,1946.03.01
Rab Tibor,Gödöllő,32688 ,https://hu.wikipedia.org/wiki/Gödöllő,1955.10.02
Rabóczki Balázs,Budapest,1671004 ,https://hu.wikipedia.org/wiki/Budapest,1978.01.09
Rácz Béla,?,Page not found,,1893.09.14
Rácz Győző,Budapest,1671004 ,https://hu.wikipedia.org/wiki/Budapest,1892.07.28
Raduly József,Budapest,1671004 ,https://hu.wikipedia.org/wiki/Budapest,1927.05.06
Raix Gusztáv,Budapest,1671004 ,https://hu.wikipedia.org/wiki/Budapest,1903.06.01
Rajczi Péter,Lengyeltóti,2876 ,https://hu.wikipedia.org/wiki/Lengyeltóti,1981.04.03
Rajna Károly,Budapest,1671004 ,https://hu.wikipedia.org/wiki/Budapest,1934.03.27
Rákóczi László,Budapest,1671004 ,https://hu.wikipedia.org/wiki/Budapest,1926.02.23
Rákosi Ferenc,Csepel,City data not found,https://hu.wikipedia.org/wiki/Csepel,1921.01.29
Rákosi Gyula,Budapest,1671004 ,https://hu.wikipedia.org/wiki/Budapest,1938.10.09
Rapp Imre,Dunaföldvár,8176 ,https://hu.wikipedia.org/wiki/Dunaföldvár,1937.09.15
Rauchmaul Emil,Budapest,1671004 ,https://hu.wikipedia.org/wiki/Budapest,1891.04.19
Rázsó Izidor,?,Page not found,,1896.12.27
Rebró Béla,Budapest,1671004 ,https://hu.wikipedia.org/wiki/Budapest,1901.01.20
Regedei Csaba,Oroszlány,18064 ,https://hu.wikipedia.org/wiki/Oroszlány,1983.01.16
Reiner István,Szabadka,105681 ,https://hu.wikipedia.org/wiki/Szabadka,1897.12.26
Rémay Gyula,Torrington,City data not found,https://hu.wikipedia.org/wiki/Torrington,1901.10.03
Rémay János,Stanferd,35515,https://en.wikipedia.org/wiki/Torrington_Connecticut,1903.01.01
Remete Imre,?,Page not found,,1904
Répási László,Budapest,1671004 ,https://hu.wikipedia.org/wiki/Budapest,1966.03.23
Révész Béla,Értarcsa,873 ,https://hu.wikipedia.org/wiki/Értarcsa,1886.02.09
Rodenbücher István,Szekszárd,30057 ,https://hu.wikipedia.org/wiki/Szekszárd,1984.02.22
Rökk Ede,Cinkota,6587 ,https://hu.wikipedia.org/wiki/Cinkota,1911.09.01
Rokken Imre,?,Page not found,,1903
Rónay Zoltán,?,Page not found,,1890
Rósa Dénes,Budapest,1671004 ,https://hu.wikipedia.org/wiki/Budapest,1977.04.07
Rósa Henrik,Budapest,1671004 ,https://hu.wikipedia.org/wiki/Budapest,1974.06.15
Rostás Sándor,Jászjákóhalma,2802 ,https://hu.wikipedia.org/wiki/Jászjákóhalma,1962.01.21
Róth Antal,Komló,City data not found,https://hu.wikipedia.org/wiki/Komló,1960.09.14
Rothermel Ádám,Budapest,1671004 ,https://hu.wikipedia.org/wiki/Budapest,1948.06.14
Rózsa Dániel,Szombathely,78446 ,https://hu.wikipedia.org/wiki/Szombathely,1984.11.24
Rudas Ferenc,Budapest,1671004 ,https://hu.wikipedia.org/wiki/Budapest,1921.07.06
Rudolf Gergely,Nyíregyháza,115711 ,https://hu.wikipedia.org/wiki/Nyíregyháza,1985.03.09
Rugovics Vendel,Győr,130020 ,https://hu.wikipedia.org/wiki/Győr,1967.08.13
Rumbold Gyula,Budapest,1671004 ,https://hu.wikipedia.org/wiki/Budapest,1887.12.06
Ruzsa Sándor,?,Page not found,,1920.03.09
Sáfár Szabolcs,Budapest,1671004 ,https://hu.wikipedia.org/wiki/Budapest,1974.08.20
Salamon József,Miskolc,145248 ,https://hu.wikipedia.org/wiki/Miskolc,1948.10.23
Salamon Miklós,Dunaújváros,41873 ,https://hu.wikipedia.org/wiki/Dunaújváros,1974.11.30
Sallai Roland,Budapest,1671004 ,https://hu.wikipedia.org/wiki/Budapest,1997.05.22
Sallai Sándor,Debrecen,201582 ,https://hu.wikipedia.org/wiki/Debrecen,1960.03.26
Sallói Dániel,Siófok,24390 ,https://hu.wikipedia.org/wiki/Siófok,1996.07.19
Sallói István,Oroszlány,18064 ,https://hu.wikipedia.org/wiki/Oroszlány,1966.09.26
Samus Lajos,Budapest,1671004 ,https://hu.wikipedia.org/wiki/Budapest,1928.07.04
Sándor György,Ungvár,115449 ,https://hu.wikipedia.org/wiki/Ungvár,1984.03.20
Sándor József,Budapest,1671004 ,https://hu.wikipedia.org/wiki/Budapest,1900.10.18
Sándor Károly,Szeged,158829 ,https://hu.wikipedia.org/wiki/Szeged,1928.11.26
Sándor Tamás,Debrecen,201582 ,https://hu.wikipedia.org/wiki/Debrecen,1974.06.20
Sárközy Sándor,Budapest,1671004 ,https://hu.wikipedia.org/wiki/Budapest,1887.12.13
Sáros Miklós,Szarvas,City data not found,https://hu.wikipedia.org/wiki/Szarvas,1906.11.07
Sárosi Béla,Budapest,1671004 ,https://hu.wikipedia.org/wiki/Budapest,1919.07.15
Sárosi György,Budapest,1671004 ,https://hu.wikipedia.org/wiki/Budapest,1912.09.16
Sárosi László,Budapest,1671004 ,https://hu.wikipedia.org/wiki/Budapest,1932.02.27
Sárvári Ferenc,Nagyvárad,183105 ,https://hu.wikipedia.org/wiki/Nagyvárad,1916.07.10
Sas Ferenc,Devecser,4200 ,https://hu.wikipedia.org/wiki/Devecser,1915.08.16
Sass János,Eger,50018 ,https://hu.wikipedia.org/wiki/Eger,1966.01.17
Schaár Izidor,?,Page not found,,1886.08.01
Schäfer András,Szombathely,78446 ,https://hu.wikipedia.org/wiki/Szombathely,1999.04.13
Schaffer Alfréd,Budapest,1671004 ,https://hu.wikipedia.org/wiki/Budapest,1893.02.13
Schaller József,,Page not found,,1894.12.27
Schaschek Ödön,Budapest,1671004 ,https://hu.wikipedia.org/wiki/Budapest,1885.09.18
Schlosser Imre,Budapest,1671004 ,https://hu.wikipedia.org/wiki/Budapest,1889.10.11
Schmidt János,Budapest,1671004 ,https://hu.wikipedia.org/wiki/Budapest,1904.03.03
Schön Szabolcs,Budapest,1671004 ,https://hu.wikipedia.org/wiki/Budapest,2000.09.27
Schwarz Ernő,Budapest,1671004 ,https://hu.wikipedia.org/wiki/Budapest,1902.03.07
Sebes Gusztáv,Budapest,1671004 ,https://hu.wikipedia.org/wiki/Budapest,1906.01.22
Sebestyén Béla,Budapest,1671004 ,https://hu.wikipedia.org/wiki/Budapest,1886.01.23
Sebők József,Keszthely,18031 ,https://hu.wikipedia.org/wiki/Keszthely,1975.06.18
Sebők Vilmos,Budapest,1671004 ,https://hu.wikipedia.org/wiki/Budapest,1973.06.13
Seiden Jenő,Újpest,City data not found,https://hu.wikipedia.org/wiki/Újpest,1900.03.28
Senkey Gyula,Perbál,2122 ,https://hu.wikipedia.org/wiki/Perbál,1901.08.16
Senkey Imre,Perbál,2122 ,https://hu.wikipedia.org/wiki/Perbál,1898.07.04
Serényi Imre,Újpest,City data not found,https://hu.wikipedia.org/wiki/Újpest,1909.06.12
Seres Gyula,Újpest,City data not found,https://hu.wikipedia.org/wiki/Újpest,1912.10.05
Siegl József,Budapest,1671004 ,https://hu.wikipedia.org/wiki/Budapest,1894.05.29
Sigér Dávid,Debrecen,201582 ,https://hu.wikipedia.org/wiki/Debrecen,1990.11.30
Siklóssy Antal,?,Page not found,,1896.06.02
Simek Péter,Mór,City data not found,https://hu.wikipedia.org/wiki/Mór,1980.01.30
Simon Ádám,Salgótarján,31223 ,https://hu.wikipedia.org/wiki/Salgótarján,1990.03.30
Simon Ferenc,?,Page not found,,1886.02.24
Simon Krisztián,Budapest,1671004 ,https://hu.wikipedia.org/wiki/Budapest,1991.06.10
Simon Tibor,Budapest,1671004 ,https://hu.wikipedia.org/wiki/Budapest,1965.09.01
Sipos Ernő,Lábod,1759 ,https://hu.wikipedia.org/wiki/Lábod,1883.12.13
Sipos Ferenc,Budapest,1671004 ,https://hu.wikipedia.org/wiki/Budapest,1932.12.13
Sipos István,?,Page not found,,1928.06.07
Sipos Vilmos,Wilhelmsburg,City data not found,https://hu.wikipedia.org/wiki/Wilhelmsburg,1914.01.24
Sitku Illés,Budapest,1671004 ,https://hu.wikipedia.org/wiki/Budapest,1978.02.05
Skvarek György,Budapest,1671004 ,https://hu.wikipedia.org/wiki/Budapest,1903.04.09
Solti József,Szeged,158829 ,https://hu.wikipedia.org/wiki/Szeged,1911.11.29
Solti Mihály,Mezőhegyes,4393 ,https://hu.wikipedia.org/wiki/Mezőhegyes,1898.12.09
Solymosi Ernő,Diósgyőr,18065 ,https://hu.wikipedia.org/wiki/Diósgyőr,1940.06.21
Somogyi József,Nagyszentjános,1887 ,https://hu.wikipedia.org/wiki/Nagyszentjános,1946.08.25
Somogyi József,Győr,130020 ,https://hu.wikipedia.org/wiki/Győr,1968.05.23
Soós István,Eger,50018 ,https://hu.wikipedia.org/wiki/Eger,1952.12.09
Sóvári Kálmán,Budapest,1671004 ,https://hu.wikipedia.org/wiki/Budapest,1940.12.21
Sowunmi Thomas,Lagos,15070000 ,https://hu.wikipedia.org/wiki/Lagos,1978.07.25
Spitz Illés,Budapest,1671004 ,https://hu.wikipedia.org/wiki/Budapest,1902.02.01
Stark József,Budapest,1671004 ,https://hu.wikipedia.org/wiki/Budapest,1895.01.02
Stark Péter,Kazincbarcika,24373 ,https://hu.wikipedia.org/wiki/Kazincbarcika,1978.08.17
Steiner Bertalan,,Page not found,,1881.10.20
Sternberg László,Budapest,1671004 ,https://hu.wikipedia.org/wiki/Budapest,1905.05.28
Stieber Zoltán,Sárvár,15003 ,https://hu.wikipedia.org/wiki/Sárvár,1988.10.16
Stofián János,Tőketerebes,23213 ,https://hu.wikipedia.org/wiki/Tőketerebes,1904.06.18
Ströck Albert,Nagyvárad,183105 ,https://hu.wikipedia.org/wiki/Nagyvárad,1903.03.06
Styles Callum,Bury,81101,"https://en.wikipedia.org/wiki/Bury,_Greater_Manchester",2000.03.28
Sütő Károly,Budapest,1671004 ,https://hu.wikipedia.org/wiki/Budapest,1919.06.05
Szabadi László,Barcs,9845 ,https://hu.wikipedia.org/wiki/Barcs,1961.07.30
Szabics Imre,Szeged,158829 ,https://hu.wikipedia.org/wiki/Szeged,1981.03.22
Szabó Antal,Soroksár,City data not found,https://hu.wikipedia.org/wiki/Soroksár,1910.09.04
Szabó Ferenc,Alsóújlak,546 ,https://hu.wikipedia.org/wiki/Alsóújlak,1921.02.28
Szabó György,Gúta,10572 ,https://hu.wikipedia.org/wiki/Gúta,1942.04.24
Szabó György,Jászárokszállás,7499 ,https://hu.wikipedia.org/wiki/Jászárokszállás,1921.01.09
Szabó Imre,Ürmös,2045 ,https://hu.wikipedia.org/wiki/Ürmös,1918.06.03
Szabó János,Szekszárd,30057 ,https://hu.wikipedia.org/wiki/Szekszárd,1989.07.11
Szabó Jenő,Budapest,1671004 ,https://hu.wikipedia.org/wiki/Budapest,1894.09.02
Szabó József,Gönyü,3230 ,https://hu.wikipedia.org/wiki/G%C3%B6ny%C5%B1,1896.05.11
Szabó László,Gödöllő,32688 ,https://hu.wikipedia.org/wiki/Gödöllő,1934.09.11
Szabó Ottó,Győr,130020 ,https://hu.wikipedia.org/wiki/Győr,1955.12.16
Szabó Péter,Budapest,1671004 ,https://hu.wikipedia.org/wiki/Budapest,1897.04.13
Szaffka Zoltán,?,Page not found,,1895.04.28
Szakály Péter,Nagyatád,9508 ,https://hu.wikipedia.org/wiki/Nagyatád,1986.08.17
Szalai Ádám,Budapest,1671004 ,https://hu.wikipedia.org/wiki/Budapest,1987.12.09
Szalai Attila,Budapest,1671004 ,https://hu.wikipedia.org/wiki/Budapest,1998.01.20
Szalai Attila,Zebegény,1286 ,https://hu.wikipedia.org/wiki/Zebegény,1965.07.09
Szalay Antal,Újpest,City data not found,https://hu.wikipedia.org/wiki/Újpest,1912.03.03
Szalay István,Kispest,,https://hu.wikipedia.org/wiki/Kispest,1912.09.16
Szalay Miklós,Salgótarján,31223 ,https://hu.wikipedia.org/wiki/Salgótarján,1946.12.06
Szalma József,Tatabánya,65874 ,https://hu.wikipedia.org/wiki/Tatabánya,1966.08.22
Szamosi Tamás,Budapest,1671004 ,https://hu.wikipedia.org/wiki/Budapest,1974.11.27
Szaniszló Zoltán,Kolozsvár,286598 ,https://hu.wikipedia.org/wiki/Kolozsvár,1910.08.21
Szántó Gábor,Miskolc,145248 ,https://hu.wikipedia.org/wiki/Miskolc,1958.01.31
Szántó József,Szolnok,67126 ,https://hu.wikipedia.org/wiki/Szolnok,1915.05.05
Szappanos Péter,Jászberény,26058 ,https://hu.wikipedia.org/wiki/Jászberény,1990.11.14
Szedlacsik Ferenc,Budapest,1671004 ,https://hu.wikipedia.org/wiki/Budapest,1898.10.10
Szednicsek János,Budapest,1671004 ,https://hu.wikipedia.org/wiki/Budapest,1883.10.26
Szeitler Károly,Budapest,1671004 ,https://hu.wikipedia.org/wiki/Budapest,1889.11.11
Székány Géza,Budapest,1671004 ,https://hu.wikipedia.org/wiki/Budapest,1890.03.25
Szekeres József,Tatabánya,65874 ,https://hu.wikipedia.org/wiki/Tatabánya,1964.07.09
Szekeres Tamás,Budapest,1671004 ,https://hu.wikipedia.org/wiki/Budapest,1972.09.18
Szélesi Zoltán,Budapest,1671004 ,https://hu.wikipedia.org/wiki/Budapest,1981.11.22
Szemere Antal,?,Page not found,,1910
Szendrei József,Karcag,18495 ,https://hu.wikipedia.org/wiki/Karcag,1954.04.25
Szendrő Oszkár,?,Page not found,,1889.04.11
Szendrődi Lajos,Budapest,1671004 ,https://hu.wikipedia.org/wiki/Budapest,1913.07.15
Szentes Lázár,Bonyhád,12163 ,https://hu.wikipedia.org/wiki/Bonyhád,1955.12.12
Szentey Sándor,Budapest,1671004 ,https://hu.wikipedia.org/wiki/Budapest,1886.02.21
Szentmihályi Antal,Győr,130020 ,https://hu.wikipedia.org/wiki/Győr,1939.06.13
Szentmiklóssy Béla,Budapest,1671004 ,https://hu.wikipedia.org/wiki/Budapest,1902.12.02
Szepesi Gusztáv,Miskolc,145248 ,https://hu.wikipedia.org/wiki/Miskolc,1939.07.17
Szidon Rezső,Újpest,City data not found,https://hu.wikipedia.org/wiki/Újpest,1900.02.22
Szigeti Oszkár,Miskolc,145248 ,https://hu.wikipedia.org/wiki/Miskolc,1933.09.10
Sziklai Ferenc,Budapest,1671004 ,https://hu.wikipedia.org/wiki/Budapest,1914.01.28
Szilágyi Gyula,Debrecen,201582 ,https://hu.wikipedia.org/wiki/Debrecen,1923.01.18
Szilveszter Ferenc,Budapest,1671004 ,https://hu.wikipedia.org/wiki/Budapest,1971.11.26
Szimcsák István,Budapest,1671004 ,https://hu.wikipedia.org/wiki/Budapest,1933.07.22
Szlezák Zoltán,Balassagyarmat,14036 ,https://hu.wikipedia.org/wiki/Balassagyarmat,1967.12.26
Szoboszlai Dominik,Budapest,1671004 ,https://hu.wikipedia.org/wiki/Budapest,2000.10.25
Szojka Ferenc,Salgótarján,31223 ,https://hu.wikipedia.org/wiki/Salgótarján,1931.04.07
Szőke István,Budapest,1671004 ,https://hu.wikipedia.org/wiki/Budapest,1947.02.13
Szokolai László,Budapest,1671004 ,https://hu.wikipedia.org/wiki/Budapest,1952.03.25
Szolnoki Roland,Mór,City data not found,https://hu.wikipedia.org/wiki/Mór,1992.01.21
Sztancsik József,Budapest,1671004 ,https://hu.wikipedia.org/wiki/Budapest,1908.11.12
Sztipánovics Barnabás,Siklós,8700 ,https://hu.wikipedia.org/wiki/Siklós,1974.07.02
Szűcs Géza,?,Page not found,,1906.12.14
Szűcs György,Szombathely,78446 ,https://hu.wikipedia.org/wiki/Szombathely,1912.04.23
Szűcs Lajos,Budapest,1671004 ,https://hu.wikipedia.org/wiki/Budapest,1973.08.08
Szűcs Lajos,Apatin,17411 ,https://hu.wikipedia.org/wiki/Apatin,1943.12.10
Szűcs Sándor,Szolnok,67126 ,https://hu.wikipedia.org/wiki/Szolnok,1921.11.23
Szuhodovszki Soma,Budapest,1671004 ,https://hu.wikipedia.org/wiki/Budapest,1999.12.30
Szulik József,Budapest,1671004 ,https://hu.wikipedia.org/wiki/Budapest,1905.06.22
Szuromi Antal,Andornaktálya,2645 ,https://hu.wikipedia.org/wiki/Andornaktálya,1943.06.21
Szury Kálmán,Budapest,1671004 ,https://hu.wikipedia.org/wiki/Budapest,1889.02.04
Szusza Ferenc,Újpest,City data not found,https://hu.wikipedia.org/wiki/Újpest,1923.12.01
Tagányi Árpád,?,Page not found,,1919.11.27
Takács Ákos,Budapest,1671004 ,https://hu.wikipedia.org/wiki/Budapest,1982.02.14
Takács Dániel,Túrkeve,7859 ,https://hu.wikipedia.org/wiki/Túrkeve,1884.11.18
Takács Géza,Budapest,1671004 ,https://hu.wikipedia.org/wiki/Budapest,1899.05.02
Takács György,Budapest,1671004 ,https://hu.wikipedia.org/wiki/Budapest,1924.10.10
Takács József,Budapest,1671004 ,https://hu.wikipedia.org/wiki/Budapest,1904.06.30
Takács Zoltán,Budapest,1671004 ,https://hu.wikipedia.org/wiki/Budapest,1983.11.26
Tamás Gyula,Diósgyőr,18065 ,https://hu.wikipedia.org/wiki/Diósgyőr,1941.11.12
Tamás Márk,Székesfehérvár,95915 ,https://hu.wikipedia.org/wiki/Székesfehérvár,1993.10.28
Tamássy István,Budapest,1671004 ,https://hu.wikipedia.org/wiki/Budapest,1910.11.04
Táncos Mihály,Temesvár,250849 ,https://hu.wikipedia.org/wiki/Temesvár,1905.02.07
Tatár György,Miskolc,145248 ,https://hu.wikipedia.org/wiki/Miskolc,1952.09.10
Taussig Imre,Martonos,2183 ,https://hu.wikipedia.org/wiki/Martonos,1890.03.26
Telek András,Budapest,1671004 ,https://hu.wikipedia.org/wiki/Budapest,1970.12.10
Teleki Gyula,Arad,City data not found,https://hu.wikipedia.org/wiki/Arad,1928.02.15
Teleki Pál,Békéscsaba,55091 ,https://hu.wikipedia.org/wiki/Békéscsaba,1906.03.25
Tepszics Ignác,Budapest,1671004 ,https://hu.wikipedia.org/wiki/Budapest,1958.03.17
Tiber László,Sárszentmihály,3004 ,https://hu.wikipedia.org/wiki/Sárszentmihály,1949.08.30
Tichy Lajos,Újpest,City data not found,https://hu.wikipedia.org/wiki/Újpest,1935.03.21
Tihanyi András,Szabadka,105681 ,https://hu.wikipedia.org/wiki/Szabadka,1917.10.27
Tímár Krisztián,Budapest,1671004 ,https://hu.wikipedia.org/wiki/Budapest,1979.10.04
Tisza Tibor,Debrecen,201582 ,https://hu.wikipedia.org/wiki/Debrecen,1984.11.10
Titkos Pál,Budafok-Kelenvölgy,3447 ,https://hu.wikipedia.org/wiki/Kelenv%C3%B6lgy,1908.01.08
Tokody Tibor,Budapest,1671004 ,https://hu.wikipedia.org/wiki/Budapest,1980.09.01
Tököli Attila,Pécs,,https://hu.wikipedia.org/wiki/Pécs,1976.05.14
Toldi Géza,Budapest,1671004 ,https://hu.wikipedia.org/wiki/Budapest,1909.02.11
Toma Árpád,Pécs,,https://hu.wikipedia.org/wiki/Pécs,1958.01.03
Tomecskó József,Budapest,1671004 ,https://hu.wikipedia.org/wiki/Budapest,1901.10.18
Torghelle Sándor,Budapest,1671004 ,https://hu.wikipedia.org/wiki/Budapest,1982.05.05
Torma Gábor,Dunaújváros,41873 ,https://hu.wikipedia.org/wiki/Dunaújváros,1976.08.01
Törőcsik András,Budapest,1671004 ,https://hu.wikipedia.org/wiki/Budapest,1955.05.01
Török Gábor,Alsónémedi,5552 ,https://hu.wikipedia.org/wiki/Alsónémedi,1936.05.30
Török Péter,Anarcs,1835 ,https://hu.wikipedia.org/wiki/Anarcs,1951.04.18
Török Tivadar,Budapest,1671004 ,https://hu.wikipedia.org/wiki/Budapest,1904.07.31
Tőrös István,Rákospalota,38530 ,https://hu.wikipedia.org/wiki/Rákospalota,1908.07.19
Tóth András,Újpest,City data not found,https://hu.wikipedia.org/wiki/Újpest,1949.09.05
Tóth András,Budapest,1671004 ,https://hu.wikipedia.org/wiki/Budapest,1973.12.16
Tóth Balázs,Ózd,30865 ,https://hu.wikipedia.org/wiki/Ózd,1981.09.24
Tóth Bence,Tapolca,14206 ,https://hu.wikipedia.org/wiki/Tapolca,1998.05.25
Tóth Ferenc,Vecsés,21352 ,https://hu.wikipedia.org/wiki/Vecsés,1925.03.01
Tóth György,Sándorfalva,8267 ,https://hu.wikipedia.org/wiki/Sándorfalva,1915.04.24
Tóth Gyula,Székesfehérvár,95915 ,https://hu.wikipedia.org/wiki/Székesfehérvár,1901.06.10
Tóth Jenő,?,Page not found,,1901.12.17
Tóth József,Mosonmagyaróvár,34226 ,https://hu.wikipedia.org/wiki/Mosonmagyaróvár,1951.12.02
Tóth József,Mersevát,554 ,https://hu.wikipedia.org/wiki/Mersevát,1929.05.16
Tóth Kálmán,Szombathely,78446 ,https://hu.wikipedia.org/wiki/Szombathely,1944.08.13
Tóth Lajos,Budapest,1671004 ,https://hu.wikipedia.org/wiki/Budapest,1917.05.30
Tóth László,Nagyszentjános,1887 ,https://hu.wikipedia.org/wiki/Nagyszentjános,1938.03.06
Tóth Mátyás,Békés,17726 ,https://hu.wikipedia.org/wiki/Békés,1918.04.01
Tóth Mihály,Budapest,1671004 ,https://hu.wikipedia.org/wiki/Budapest,1974.12.27
Tóth Mihály,Bezdán,4623 ,https://hu.wikipedia.org/wiki/Bezdán,1926.09.14
Tóth Norbert,Szombathely,78446 ,https://hu.wikipedia.org/wiki/Szombathely,1976.08.11
Tóth Potya István,Budapest,1671004 ,https://hu.wikipedia.org/wiki/Budapest,1891.07.28
Tóth Zoltán,Budapest,1671004 ,https://hu.wikipedia.org/wiki/Budapest,1955.12.29
Tóth Zoltán,Jánosháza,2325 ,https://hu.wikipedia.org/wiki/Jánosháza,1938.11.06
Tőzsér Dániel,Szolnok,67126 ,https://hu.wikipedia.org/wiki/Szolnok,1985.05.12
Tritz Lőrinc,Budapest,1671004 ,https://hu.wikipedia.org/wiki/Budapest,1902.09.21
Tulipán Mihály,Budapest,1671004 ,https://hu.wikipedia.org/wiki/Budapest,1955.03.04
Turai István,Budafok,26782 ,https://hu.wikipedia.org/wiki/Budafok,1925.07.31
Turay József,Eger,50018 ,https://hu.wikipedia.org/wiki/Eger,1905.03.01
Tury György,Budapest,1671004 ,https://hu.wikipedia.org/wiki/Budapest,1895.07.21
Ugrai Roland,Békéscsaba,55091 ,https://hu.wikipedia.org/wiki/Békéscsaba,1992.11.13
Ujvári József,Tóalmás,3990 ,https://hu.wikipedia.org/wiki/Tóalmás,1904.04.04
Urbán Flórián,Budapest,1671004 ,https://hu.wikipedia.org/wiki/Budapest,1968.07.29
Urbányi István,Salgótarján,31223 ,https://hu.wikipedia.org/wiki/Salgótarján,1967.04.17
Urik József,Budapest,1671004 ,https://hu.wikipedia.org/wiki/Budapest,1897.03.06
Váczi Dénes,Budapest,1671004 ,https://hu.wikipedia.org/wiki/Budapest,1964.12.23
Váczi Zoltán,Debrecen,201582 ,https://hu.wikipedia.org/wiki/Debrecen,1966.02.05
Vadócz Krisztián,Budapest,1671004 ,https://hu.wikipedia.org/wiki/Budapest,1985.05.30
Vágó Antal,Pásztó,8545 ,https://hu.wikipedia.org/wiki/Pásztó,1891.08.09
Vágó József,Debrecen,201582 ,https://hu.wikipedia.org/wiki/Debrecen,1906.06.30
Vámos Ernő,Szombathely,78446 ,https://hu.wikipedia.org/wiki/Szombathely,1898.11.10
Vancsa Zalán,Budapest,1671004 ,https://hu.wikipedia.org/wiki/Budapest,2004.10.27
Vanczák Vilmos,Miskolc,145248 ,https://hu.wikipedia.org/wiki/Miskolc,1983.06.20
Vangel Gyula,Budapest,1671004 ,https://hu.wikipedia.org/wiki/Budapest,1888.12.13
Vanicsek János,Budapest,1671004 ,https://hu.wikipedia.org/wiki/Budapest,1887.10.29
Várady Béla,Gömörszőlős,71 ,https://hu.wikipedia.org/wiki/Gömörszőlős,1953.04.12
Varga Barnabás,Szombathely,78446 ,https://hu.wikipedia.org/wiki/Szombathely,1994.10.25
Varga István,Budapest,1671004 ,https://hu.wikipedia.org/wiki/Budapest,1963.01.01
Varga József,Budapest,1671004 ,https://hu.wikipedia.org/wiki/Budapest,1954.10.09
Varga József,Debrecen,201582 ,https://hu.wikipedia.org/wiki/Debrecen,1988.06.06
Varga Kevin,Karcag,18495 ,https://hu.wikipedia.org/wiki/Karcag,1996.03.30
Varga Péter,Budapest,1671004 ,https://hu.wikipedia.org/wiki/Budapest,1898.02.05
Varga Roland,Budapest,1671004 ,https://hu.wikipedia.org/wiki/Budapest,1990.01.23
Varga Zoltán,Vál,2558 ,https://hu.wikipedia.org/wiki/Vál,1945.01.01
Várhidi Pál,Budapest,1671004 ,https://hu.wikipedia.org/wiki/Budapest,1931.11.06
Vasas Mihály,Békéscsaba,55091 ,https://hu.wikipedia.org/wiki/Békéscsaba,1933.09.14
Vaskó Tamás,Budapest,1671004 ,https://hu.wikipedia.org/wiki/Budapest,1984.02.20
Vass Ádám,Kápolnásnyék,4060 ,https://hu.wikipedia.org/wiki/Kápolnásnyék,1988.09.09
Véber György,Szeged,158829 ,https://hu.wikipedia.org/wiki/Szeged,1969.07.25
Vécsei Bálint,Miskolc,145248 ,https://hu.wikipedia.org/wiki/Miskolc,1993.07.13
Végh Tibor,Székesfehérvár,95915 ,https://hu.wikipedia.org/wiki/Székesfehérvár,1956.03.31
Végh Zoltán,Veszprém,56777 ,https://hu.wikipedia.org/wiki/Veszprém,1971.04.07
Vellai István,Csepel,City data not found,https://hu.wikipedia.org/wiki/Csepel,1945.11.14
Vépi Péter,Kőröshegy,1393 ,https://hu.wikipedia.org/wiki/Kőröshegy,1949.10.20
Vermes Krisztián,Budapest,1671004 ,https://hu.wikipedia.org/wiki/Budapest,1985.07.07
Vezér Antal,Mohács,17315 ,https://hu.wikipedia.org/wiki/Mohács,1922.02.24
Vida Máté,Budapest,1671004 ,https://hu.wikipedia.org/wiki/Budapest,1996.03.08
Vidáts Csaba,Szőny,,https://hu.wikipedia.org/wiki/Szőny,1947.11.22
Víg János,Budapest,1671004 ,https://hu.wikipedia.org/wiki/Budapest,1907.08.24
Vincze Gábor,Ózd,30865 ,https://hu.wikipedia.org/wiki/Ózd,1976.09.07
Vincze Gyula,Salgótarján,31223 ,https://hu.wikipedia.org/wiki/Salgótarján,1919.12.06
Vincze István,Tatabánya,65874 ,https://hu.wikipedia.org/wiki/Tatabánya,1967.01.22
Vincze Jenő,Versec,35701 ,https://hu.wikipedia.org/wiki/Versec,1908.11.20
Vincze Károly,?,Page not found,,1884.05.30
Vincze Ottó,Ózd,30865 ,https://hu.wikipedia.org/wiki/Ózd,1974.08.29
Vinícius Paulo,São Paulo,11451245 ,https://hu.wikipedia.org/wiki/São_Paulo,1990.02.21
Viola József,Komárom,City data not found,https://hu.wikipedia.org/wiki/Komárom,1896.07.10
Virágh István,Budapest,1671004 ,https://hu.wikipedia.org/wiki/Budapest,1928.12.18
Vlaszák Géza,Zalaegerszeg,55433 ,https://hu.wikipedia.org/wiki/Zalaegerszeg,1973.09.03
Volentik Béla,Szolnok,67126 ,https://hu.wikipedia.org/wiki/Szolnok,1907.12.05
Waltner Róbert,Kaposvár,59270 ,https://hu.wikipedia.org/wiki/Kaposvár,1977.09.20
Wéber Lajos,Budapest,1671004 ,https://hu.wikipedia.org/wiki/Budapest,1904.01.19
Weimper István,Budapest,1671004 ,https://hu.wikipedia.org/wiki/Budapest,1953.08.27
Weinber János,Budapest,1671004 ,https://hu.wikipedia.org/wiki/Budapest,1888.01.18
Weinhardt Ferenc,Szombathely,78446 ,https://hu.wikipedia.org/wiki/Szombathely,1903.08.26
Weisz Árpád,Solt,City data not found,https://hu.wikipedia.org/wiki/Solt,1896.04.16
Weisz Ferenc,Erzsébetfalva,,https://hu.wikipedia.org/wiki/Erzsébetfalva,1885.07.01
Werner Ignác,?,Page not found,,1901.03.30
Wiener János,Budapest,1671004 ,https://hu.wikipedia.org/wiki/Budapest,1895.12.14
Wiener Jenő,Budapest,1671004 ,https://hu.wikipedia.org/wiki/Budapest,1899.03.03
Winkler József,Budapest,1671004 ,https://hu.wikipedia.org/wiki/Budapest,1898.06.11
Winkler Róbert,Budapest,1671004 ,https://hu.wikipedia.org/wiki/Budapest,1900.05.16
Wollek Tibor,Budapest,1671004 ,https://hu.wikipedia.org/wiki/Budapest,1947.10.07
Wukovics László,Budapest,1671004 ,https://hu.wikipedia.org/wiki/Budapest,1970.01.22
Zakariás József,Budafok,26782 ,https://hu.wikipedia.org/wiki/Budafok,1924.03.05
Zámbó Sándor,Újpest,City data not found,https://hu.wikipedia.org/wiki/Újpest,1944.10.10
Zatykó Ferenc,Budapest,1671004 ,https://hu.wikipedia.org/wiki/Budapest,1894.02.13
Zavadszky Gábor,Budapest,1671004 ,https://hu.wikipedia.org/wiki/Budapest,1974.09.10
Závodi István,Budapest,1671004 ,https://hu.wikipedia.org/wiki/Budapest,1911.02.23
Zloch Gyula,Budapest,1671004 ,https://hu.wikipedia.org/wiki/Budapest,1899.01.13
Zombori András,Budapest,1671004 ,https://hu.wikipedia.org/wiki/Budapest,1965.12.06
Zombori Sándor,Pécs,,https://hu.wikipedia.org/wiki/Pécs,1951.10.31
Zombori Zalán,Pécs,,https://hu.wikipedia.org/wiki/Pécs,1975.05.25
Zsák Károly,Budapest,1671004 ,https://hu.wikipedia.org/wiki/Budapest,1895.08.30
Zsédely Sándor,Győr,130020 ,https://hu.wikipedia.org/wiki/Győr,1924.03.24
Zsengellér Gyula,Cegléd,36344 ,https://hu.wikipedia.org/wiki/Cegléd,1915.12.27
Zsiborás Gábor,Budapest,1671004 ,https://hu.wikipedia.org/wiki/Budapest,1957.11.12
Zsidai László,Szombathely,78446 ,https://hu.wikipedia.org/wiki/Szombathely,1986.07.16
Zsinka János,Szentendre,28494 ,https://hu.wikipedia.org/wiki/Szentendre,1965.10.02
Zsolnai János,Reviga,2373,https://en.wikipedia.org/wiki/Reviga,1924.08.17
Zvara József,Vác,34040 ,https://hu.wikipedia.org/wiki/Vác,1966.08.17
